edge_id,source,source_label,source_type,target,target_label,target_type,predicate,layer,assertion_count,source_count,source_ids,population,care_setting
edge:6c3bbdaddc37,concept:3f02509e7e1a,Acute kidney injury,clinical_concept,relation:1948b8a73d1c,Association,relation,Participates in relation,relation_context,2488,0,,,
edge:9dc574b2c060,concept:3f02509e7e1a,Acute kidney injury,clinical_concept,population:a0247bcb3f69,Non-neonatal pediatric,population,Observed in population,population_context,2424,0,,,
edge:0f54ed5d3ca3,concept:3f02509e7e1a,Acute kidney injury,clinical_concept,setting:60f1e913db61,Not specified,care_setting,Observed in care setting,care_setting_context,2063,0,,,
edge:01c0676ab6ed,concept:3f02509e7e1a,Acute kidney injury,clinical_concept,setting:a2ffebdb6db9,General inpatient,care_setting,Observed in care setting,care_setting_context,1189,0,,,
edge:fad48e257b2e,concept:3f02509e7e1a,Acute kidney injury,clinical_concept,population:a6dd3918708d,Neonatal,population,Observed in population,population_context,1063,0,,,
edge:acb20f38e067,concept:3f02509e7e1a,Acute kidney injury,clinical_concept,relation:a62d286204b7,Risk factor,relation,Participates in relation,relation_context,752,0,,,
edge:1ef967498e2e,concept:3f02509e7e1a,Acute kidney injury,clinical_concept,population:60f1e913db61,Not specified,population,Observed in population,population_context,725,0,,,
edge:f1355537a600,concept:3f02509e7e1a,Acute kidney injury,clinical_concept,setting:009f0c0461ec,PICU,care_setting,Observed in care setting,care_setting_context,629,0,,,
edge:08983a50b9fc,concept:fbfb66c84913,Mortality,clinical_concept,population:a0247bcb3f69,Non-neonatal pediatric,population,Observed in population,population_context,228,0,,,
edge:740194998f4c,concept:fbfb66c84913,Mortality,clinical_concept,relation:1948b8a73d1c,Association,relation,Participates in relation,relation_context,170,0,,,
edge:a830f3ae2d5c,guideline:layer,Guideline evidence layer,guideline,guideline_topic:689257f1c8ff,Other indexed topic,guideline_topic,Indexed normative topic,guideline_index,136,15,指南候选_000001;指南候选_000002;指南候选_000003;指南候选_000005;指南候选_000007;指南候选_000008;指南候选_000009;指南候选_000010;指南候选_000016;指南候选_000017;指南候选_000018;指南候选_000019;指南候选_000020;指南候选_000021;指南候选_000023,,
edge:a3bab1848781,concept:fbfb66c84913,Mortality,clinical_concept,setting:009f0c0461ec,PICU,care_setting,Observed in care setting,care_setting_context,128,0,,,
edge:4a78df4ab371,concept:fbfb66c84913,Mortality,clinical_concept,relation:d3f0610632bb,Outcome,relation,Participates in relation,relation_context,116,0,,,
edge:c72beeb6e79b,concept:fbfb66c84913,Mortality,clinical_concept,setting:60f1e913db61,Not specified,care_setting,Observed in care setting,care_setting_context,115,0,,,
edge:29b4f5ed6f07,concept:fbfb66c84913,Mortality,clinical_concept,setting:a2ffebdb6db9,General inpatient,care_setting,Observed in care setting,care_setting_context,105,0,,,
edge:914d3fd3efff,concept:fbfb66c84913,Mortality,clinical_concept,population:a6dd3918708d,Neonatal,population,Observed in population,population_context,93,0,,,
edge:9db08d45d1fb,concept:9462d97142c0,Chronic kidney disease,clinical_concept,population:a0247bcb3f69,Non-neonatal pediatric,population,Observed in population,population_context,77,0,,,
edge:a65979717c5f,concept:9462d97142c0,Chronic kidney disease,clinical_concept,setting:60f1e913db61,Not specified,care_setting,Observed in care setting,care_setting_context,71,0,,,
edge:6d12e30a2059,concept:04a3a8cdc90f,Cardiac surgery,clinical_concept,setting:04a3a8cdc90f,Cardiac surgery,care_setting,Observed in care setting,care_setting_context,63,0,,,
edge:8ccae1bfa611,concept:186238cccd6f,Sepsis,clinical_concept,setting:186238cccd6f,Sepsis,care_setting,Observed in care setting,care_setting_context,55,0,,,
edge:f48c7dcae5d5,concept:04a3a8cdc90f,Cardiac surgery,clinical_concept,relation:1948b8a73d1c,Association,relation,Participates in relation,relation_context,54,0,,,
edge:c7ed4d4309f8,concept:9462d97142c0,Chronic kidney disease,clinical_concept,relation:a62d286204b7,Risk factor,relation,Participates in relation,relation_context,53,0,,,
edge:d0c72a53bec6,concept:186238cccd6f,Sepsis,clinical_concept,relation:1948b8a73d1c,Association,relation,Participates in relation,relation_context,53,0,,,
edge:6dded636821a,concept:3f02509e7e1a,Acute kidney injury,clinical_concept,concept:fbfb66c84913,Mortality,clinical_concept,Association,empirical_assertion,50,45,PMID:22688091;PMID:23149172;PMID:25126856;PMID:26010490;PMID:26026862;PMID:26132741;PMID:26252433;PMID:26643529;PMID:27617143;PMID:28419263;PMID:28656931;PMID:28983789;PMID:29393148;PMID:30001443;PMID:30343292;PMID:31287401;PMID:31968336;PMID:32279327;PMID:32833971;PMID:33031348,Explicitly non-pediatric;Neonatal;Non-neonatal pediatric;Not specified;Other population context;Pediatric age unclear,Cardiac surgery;General inpatient;Kidney replacement therapy;Not specified;PICU;Sepsis
edge:713afb0523d7,concept:daa4e10d4f1f,Peritoneal dialysis,clinical_concept,population:a6dd3918708d,Neonatal,population,Observed in population,population_context,49,0,,,
edge:3196683a82e5,concept:9462d97142c0,Chronic kidney disease,clinical_concept,relation:1948b8a73d1c,Association,relation,Participates in relation,relation_context,47,0,,,
edge:1f1ebb9d2f90,concept:3f02509e7e1a,Acute kidney injury,clinical_concept,concept:fbfb66c84913,Mortality,clinical_concept,Outcome,empirical_assertion,45,42,PMID:21996350;PMID:22735361;PMID:23365748;PMID:24206964;PMID:24660054;PMID:25393856;PMID:25542518;PMID:25725246;PMID:25977311;PMID:26506741;PMID:28303771;PMID:28768337;PMID:28889833;PMID:28948160;PMID:29108006;PMID:29155805;PMID:30819990;PMID:30860200;PMID:31287401;PMID:31505001,Explicitly non-pediatric;Neonatal;Non-neonatal pediatric;Not specified;Pediatric age unclear,Cardiac surgery;General inpatient;Kidney replacement therapy;Not specified;Oncology or transplant;PICU;Sepsis
edge:8ba427a02b89,concept:daa4e10d4f1f,Peritoneal dialysis,clinical_concept,relation:ddafb963e8e5,Management or intervention,relation,Participates in relation,relation_context,43,0,,,
edge:dba0be3b0702,concept:5968f4edfd74,CS-AKI,clinical_concept,setting:04a3a8cdc90f,Cardiac surgery,care_setting,Observed in care setting,care_setting_context,41,0,,,
edge:11220e68b146,concept:daa4e10d4f1f,Peritoneal dialysis,clinical_concept,setting:60f1e913db61,Not specified,care_setting,Observed in care setting,care_setting_context,40,0,,,
edge:2f817bfe82d1,concept:66db9e71f7f8,Continuous kidney replacement therapy,clinical_concept,population:a0247bcb3f69,Non-neonatal pediatric,population,Observed in population,population_context,39,0,,,
edge:6b56dd69bfd7,concept:fbfb66c84913,Mortality,clinical_concept,population:60f1e913db61,Not specified,population,Observed in population,population_context,38,0,,,
edge:9844b393b5b6,concept:90eace7f13ff,Kidney replacement therapy,clinical_concept,relation:ddafb963e8e5,Management or intervention,relation,Participates in relation,relation_context,37,0,,,
edge:b3944aa93b2b,concept:c324fd366ebb,Serum creatinine,clinical_concept,setting:60f1e913db61,Not specified,care_setting,Observed in care setting,care_setting_context,37,0,,,
edge:2874008587c1,concept:90eace7f13ff,Kidney replacement therapy,clinical_concept,population:a0247bcb3f69,Non-neonatal pediatric,population,Observed in population,population_context,34,0,,,
edge:530301c657ac,concept:3f02509e7e1a,Acute kidney injury,clinical_concept,concept:fbfb66c84913,Mortality,clinical_concept,Risk factor,empirical_assertion,32,31,PMID:22186469;PMID:24660054;PMID:25701354;PMID:25725246;PMID:25885883;PMID:26217981;PMID:27806970;PMID:28555296;PMID:31166289;PMID:31250548;PMID:31395365;PMID:31536045;PMID:32011563;PMID:32169046;PMID:32279327;PMID:32343108;PMID:32787942;PMID:33813551;PMID:34546612;PMID:36071288,Explicitly non-pediatric;Neonatal;Non-neonatal pediatric;Not specified;Pediatric age unclear,Cardiac surgery;General inpatient;Kidney replacement therapy;Not specified;PICU;Sepsis
edge:533f7ccae8d6,concept:daa4e10d4f1f,Peritoneal dialysis,clinical_concept,relation:1948b8a73d1c,Association,relation,Participates in relation,relation_context,32,0,,,
edge:55ae64ad6fb0,concept:66db9e71f7f8,Continuous kidney replacement therapy,clinical_concept,relation:1948b8a73d1c,Association,relation,Participates in relation,relation_context,32,0,,,
edge:62d7556f6b70,concept:c324fd366ebb,Serum creatinine,clinical_concept,population:a0247bcb3f69,Non-neonatal pediatric,population,Observed in population,population_context,32,0,,,
edge:8216adabc6c4,concept:186238cccd6f,Sepsis,clinical_concept,population:a0247bcb3f69,Non-neonatal pediatric,population,Observed in population,population_context,32,0,,,
edge:a2560f2b155a,concept:c324fd366ebb,Serum creatinine,clinical_concept,relation:1948b8a73d1c,Association,relation,Participates in relation,relation_context,29,0,,,
edge:fd66eca95193,concept:9462d97142c0,Chronic kidney disease,clinical_concept,population:a6dd3918708d,Neonatal,population,Observed in population,population_context,28,0,,,
edge:1b3de060def3,concept:daa4e10d4f1f,Peritoneal dialysis,clinical_concept,population:a0247bcb3f69,Non-neonatal pediatric,population,Observed in population,population_context,27,0,,,
edge:558432d04edc,concept:04a3a8cdc90f,Cardiac surgery,clinical_concept,population:a0247bcb3f69,Non-neonatal pediatric,population,Observed in population,population_context,27,0,,,
edge:83dd572000ca,concept:3f02509e7e1a,Acute kidney injury,clinical_concept,concept:04a3a8cdc90f,Cardiac surgery,clinical_concept,Association,empirical_assertion,27,27,PMID:24826910;PMID:25475946;PMID:26083657;PMID:26390675;PMID:28552392;PMID:30734166;PMID:30792872;PMID:31027462;PMID:32573670;PMID:32773391;PMID:33334465;PMID:33492453;PMID:35988586;PMID:36093139;PMID:36474915;PMID:36540319;PMID:37853430;PMID:37970105;PMID:38183047;PMID:38732152,Neonatal;Non-neonatal pediatric;Not specified;Pediatric age unclear,Cardiac surgery
edge:db2da635ba53,concept:90eace7f13ff,Kidney replacement therapy,clinical_concept,setting:90eace7f13ff,Kidney replacement therapy,care_setting,Observed in care setting,care_setting_context,27,0,,,
edge:420e381d34c4,concept:186238cccd6f,Sepsis,clinical_concept,population:60f1e913db61,Not specified,population,Observed in population,population_context,26,0,,,
edge:c55b6bc04bad,concept:5968f4edfd74,CS-AKI,clinical_concept,population:a6dd3918708d,Neonatal,population,Observed in population,population_context,26,0,,,
edge:1c9f1af83b51,concept:6670fd44fff1,neonatal AKI,clinical_concept,population:a6dd3918708d,Neonatal,population,Observed in population,population_context,25,0,,,
edge:f710976554d4,concept:9462d97142c0,Chronic kidney disease,clinical_concept,setting:b4249bcbeb64,Oncology or transplant,care_setting,Observed in care setting,care_setting_context,25,0,,,
edge:4f0587182212,concept:3f02509e7e1a,Acute kidney injury,clinical_concept,concept:186238cccd6f,Sepsis,clinical_concept,Association,empirical_assertion,24,23,PMID:23639662;PMID:25002019;PMID:25542518;PMID:25643926;PMID:25702763;PMID:25722552;PMID:25795502;PMID:25864876;PMID:25893429;PMID:26273142;PMID:26410135;PMID:26552404;PMID:26652074;PMID:33076845;PMID:34721949;PMID:35567762;PMID:39184737;PMID:40506504;PMID:41773275;PMID:41994147,Explicitly non-pediatric;Neonatal;Non-neonatal pediatric;Not specified;Pediatric age unclear,General inpatient;Not specified;Oncology or transplant;PICU;Sepsis
edge:698ce64f748c,concept:66db9e71f7f8,Continuous kidney replacement therapy,clinical_concept,setting:009f0c0461ec,PICU,care_setting,Observed in care setting,care_setting_context,24,0,,,
edge:3394fa69b5ec,concept:66db9e71f7f8,Continuous kidney replacement therapy,clinical_concept,setting:60f1e913db61,Not specified,care_setting,Observed in care setting,care_setting_context,23,0,,,
edge:3974e6bbc73b,concept:90eace7f13ff,Kidney replacement therapy,clinical_concept,relation:1948b8a73d1c,Association,relation,Participates in relation,relation_context,23,0,,,
edge:4ecbe34433a6,concept:eb6330a5cf69,Hemolytic uremic syndrome,clinical_concept,setting:60f1e913db61,Not specified,care_setting,Observed in care setting,care_setting_context,23,0,,,
edge:558c20f0cdda,concept:c324fd366ebb,Serum creatinine,clinical_concept,relation:fdd437d370c4,Diagnosis or staging,relation,Participates in relation,relation_context,23,0,,,
edge:66c77b58d28a,guideline:layer,Guideline evidence layer,guideline,guideline_topic:90eace7f13ff,Kidney replacement therapy,guideline_topic,Indexed normative topic,guideline_index,23,13,指南候选_000001;指南候选_000002;指南候选_000003;指南候选_000005;指南候选_000007;指南候选_000009;指南候选_000010;指南候选_000016;指南候选_000018;指南候选_000019;指南候选_000020;指南候选_000021;指南候选_000023,,
edge:c3fb59e26372,concept:222e14394aeb,rhabdomyolysis,clinical_concept,population:a0247bcb3f69,Non-neonatal pediatric,population,Observed in population,population_context,22,0,,,
edge:10e99579f0ab,concept:29166f0942dc,fluid overload,clinical_concept,relation:1948b8a73d1c,Association,relation,Participates in relation,relation_context,21,0,,,
edge:f529899e92b7,concept:eb6330a5cf69,Hemolytic uremic syndrome,clinical_concept,relation:1948b8a73d1c,Association,relation,Participates in relation,relation_context,21,0,,,
edge:00f92c9a8c81,concept:9462d97142c0,Chronic kidney disease,clinical_concept,setting:a2ffebdb6db9,General inpatient,care_setting,Observed in care setting,care_setting_context,20,0,,,
edge:2e84e3775be8,concept:4a168b54caad,postoperative AKI,clinical_concept,setting:04a3a8cdc90f,Cardiac surgery,care_setting,Observed in care setting,care_setting_context,20,0,,,
edge:408ad0eef9eb,concept:daa4e10d4f1f,Peritoneal dialysis,clinical_concept,setting:a2ffebdb6db9,General inpatient,care_setting,Observed in care setting,care_setting_context,20,0,,,
edge:12baa0457c60,concept:66db9e71f7f8,Continuous kidney replacement therapy,clinical_concept,relation:ddafb963e8e5,Management or intervention,relation,Participates in relation,relation_context,19,0,,,
edge:1a33ace10e08,concept:90eace7f13ff,Kidney replacement therapy,clinical_concept,setting:60f1e913db61,Not specified,care_setting,Observed in care setting,care_setting_context,19,0,,,
edge:5ce2d75a3e14,concept:222e14394aeb,rhabdomyolysis,clinical_concept,relation:1948b8a73d1c,Association,relation,Participates in relation,relation_context,19,0,,,
edge:679aca6a5a88,concept:42b89a6b7380,vancomycin,clinical_concept,setting:60f1e913db61,Not specified,care_setting,Observed in care setting,care_setting_context,19,0,,,
edge:3ca3db59686e,concept:a5e582c4947e,severe acute kidney injury,clinical_concept,population:a0247bcb3f69,Non-neonatal pediatric,population,Observed in population,population_context,18,0,,,
edge:4585094e0037,concept:c324fd366ebb,Serum creatinine,clinical_concept,population:a6dd3918708d,Neonatal,population,Observed in population,population_context,18,0,,,
edge:5c45e3e9a7d9,concept:222e14394aeb,rhabdomyolysis,clinical_concept,setting:60f1e913db61,Not specified,care_setting,Observed in care setting,care_setting_context,18,0,,,
edge:6f4eeeeabd42,concept:0b6baed8ee51,neonates,clinical_concept,population:a6dd3918708d,Neonatal,population,Observed in population,population_context,18,0,,,
edge:945a86f992a4,concept:6670fd44fff1,neonatal AKI,clinical_concept,setting:60f1e913db61,Not specified,care_setting,Observed in care setting,care_setting_context,18,0,,,
edge:689c25c9c9ce,concept:9462d97142c0,Chronic kidney disease,clinical_concept,population:0fd3b2c23bfc,Pediatric age unclear,population,Observed in population,population_context,17,0,,,
edge:894168b92a21,concept:16501326ecd5,CSA-AKI,clinical_concept,setting:04a3a8cdc90f,Cardiac surgery,care_setting,Observed in care setting,care_setting_context,17,0,,,
edge:c0fc5cc7347b,concept:989fe9aa79c0,NGAL,clinical_concept,population:a0247bcb3f69,Non-neonatal pediatric,population,Observed in population,population_context,17,0,,,
edge:7412a142a0f0,concept:29166f0942dc,fluid overload,clinical_concept,setting:009f0c0461ec,PICU,care_setting,Observed in care setting,care_setting_context,16,0,,,
edge:b3ac5134f607,concept:186238cccd6f,Sepsis,clinical_concept,relation:a62d286204b7,Risk factor,relation,Participates in relation,relation_context,16,0,,,
edge:e9b6bcfa9739,concept:faa0eb06e45f,MIS-C,clinical_concept,relation:1948b8a73d1c,Association,relation,Participates in relation,relation_context,15,0,,,
edge:f71a955b6a9b,concept:daa4e10d4f1f,Peritoneal dialysis,clinical_concept,setting:009f0c0461ec,PICU,care_setting,Observed in care setting,care_setting_context,15,0,,,
edge:f76ba7a165b4,concept:989fe9aa79c0,NGAL,clinical_concept,setting:60f1e913db61,Not specified,care_setting,Observed in care setting,care_setting_context,15,0,,,
edge:15b51bbb7ef6,concept:5968f4edfd74,CS-AKI,clinical_concept,population:0fd3b2c23bfc,Pediatric age unclear,population,Observed in population,population_context,14,0,,,
edge:5e9cb88065d6,concept:97538d771d18,uNGAL,clinical_concept,setting:60f1e913db61,Not specified,care_setting,Observed in care setting,care_setting_context,14,0,,,
edge:8b8f2f593ab2,concept:90eace7f13ff,Kidney replacement therapy,clinical_concept,setting:009f0c0461ec,PICU,care_setting,Observed in care setting,care_setting_context,14,0,,,
edge:8e3e4529ab2a,concept:1cc152716766,severe AKI,clinical_concept,population:a0247bcb3f69,Non-neonatal pediatric,population,Observed in population,population_context,14,0,,,
edge:af75d2aac1f1,concept:4a168b54caad,postoperative AKI,clinical_concept,population:a6dd3918708d,Neonatal,population,Observed in population,population_context,14,0,,,
edge:e39453afaedd,concept:daa4e10d4f1f,Peritoneal dialysis,clinical_concept,concept:3f02509e7e1a,Acute kidney injury,clinical_concept,Management or intervention,empirical_assertion,14,13,PMID:24497593;PMID:25345767;PMID:26432705;PMID:28676510;PMID:29124521;PMID:33272115;PMID:33334465;PMID:38768514;PMID:38947616;PMID:39211716;PMID:39306663;PMID:39887079;PMID:41886184,Neonatal;Non-neonatal pediatric;Not specified;Pediatric age unclear,General inpatient;Kidney replacement therapy;Not specified;PICU
edge:2151f22f3e69,concept:0b6baed8ee51,neonates,clinical_concept,setting:60f1e913db61,Not specified,care_setting,Observed in care setting,care_setting_context,13,0,,,
edge:42d99a6385ff,concept:29166f0942dc,fluid overload,clinical_concept,setting:60f1e913db61,Not specified,care_setting,Observed in care setting,care_setting_context,13,0,,,
edge:5cf29713c6f8,concept:4a168b54caad,postoperative AKI,clinical_concept,relation:a62d286204b7,Risk factor,relation,Participates in relation,relation_context,13,0,,,
edge:934ce493a00d,concept:90eace7f13ff,Kidney replacement therapy,clinical_concept,population:a6dd3918708d,Neonatal,population,Observed in population,population_context,13,0,,,
edge:a5ffca83c329,concept:04a3a8cdc90f,Cardiac surgery,clinical_concept,population:0fd3b2c23bfc,Pediatric age unclear,population,Observed in population,population_context,13,0,,,
edge:b2befb583a84,concept:2061ae4227c6,contrast-induced acute kidney injury,clinical_concept,setting:60f1e913db61,Not specified,care_setting,Observed in care setting,care_setting_context,13,0,,,
edge:dd48885ef574,concept:5968f4edfd74,CS-AKI,clinical_concept,relation:d3f0610632bb,Outcome,relation,Participates in relation,relation_context,13,0,,,
edge:ed6394589c54,concept:42b89a6b7380,vancomycin,clinical_concept,relation:1948b8a73d1c,Association,relation,Participates in relation,relation_context,13,0,,,
edge:1f6a57dcaee7,concept:7a4eb8dff375,infant,clinical_concept,population:a6dd3918708d,Neonatal,population,Observed in population,population_context,12,0,,,
edge:20ea3932fa1c,concept:29166f0942dc,fluid overload,clinical_concept,population:a0247bcb3f69,Non-neonatal pediatric,population,Observed in population,population_context,12,0,,,
edge:56d9c60563ca,concept:989fe9aa79c0,NGAL,clinical_concept,relation:fdd437d370c4,Diagnosis or staging,relation,Participates in relation,relation_context,12,0,,,
edge:681048ccff07,concept:faa0eb06e45f,MIS-C,clinical_concept,population:a0247bcb3f69,Non-neonatal pediatric,population,Observed in population,population_context,12,0,,,
edge:8d71b5279d63,concept:66db9e71f7f8,Continuous kidney replacement therapy,clinical_concept,population:a6dd3918708d,Neonatal,population,Observed in population,population_context,12,0,,,
edge:998ec9dcaaef,concept:3f02509e7e1a,Acute kidney injury,clinical_concept,concept:9462d97142c0,Chronic kidney disease,clinical_concept,Association,empirical_assertion,12,11,PMID:25578815;PMID:25963934;PMID:26535996;PMID:27723726;PMID:29389682;PMID:31214463;PMID:32371839;PMID:32948644;PMID:33614729;PMID:35399095;PMID:40870964,Neonatal;Non-neonatal pediatric;Not specified;Pediatric age unclear,Cardiac surgery;General inpatient;Not specified;Oncology or transplant
edge:9fa96e76f1f7,concept:04a3a8cdc90f,Cardiac surgery,clinical_concept,population:60f1e913db61,Not specified,population,Observed in population,population_context,12,0,,,
edge:a719ff9756ff,concept:6a523a52b63c,Diabetic ketoacidosis,clinical_concept,population:a0247bcb3f69,Non-neonatal pediatric,population,Observed in population,population_context,12,0,,,
edge:b2d5690429f3,concept:156be6eb85c9,HUS,clinical_concept,relation:1948b8a73d1c,Association,relation,Participates in relation,relation_context,12,0,,,
edge:c8a63655603f,concept:1cc152716766,severe AKI,clinical_concept,relation:837276742aa9,Prediction,relation,Participates in relation,relation_context,12,0,,,
edge:c9cf383c830d,concept:eb6330a5cf69,Hemolytic uremic syndrome,clinical_concept,concept:3f02509e7e1a,Acute kidney injury,clinical_concept,Association,empirical_assertion,12,11,PMID:30989342;PMID:32844761;PMID:33386505;PMID:34255589;PMID:35110108;PMID:39211716;PMID:39507498;PMID:40065282;PMID:41018461;PMID:41281162;PMID:41953852,Explicitly non-pediatric;Non-neonatal pediatric;Pediatric age unclear,Not specified
edge:d8dd61d678cf,concept:42b89a6b7380,vancomycin,clinical_concept,population:a0247bcb3f69,Non-neonatal pediatric,population,Observed in population,population_context,12,0,,,
edge:fc156cdd3540,concept:c324fd366ebb,Serum creatinine,clinical_concept,setting:a2ffebdb6db9,General inpatient,care_setting,Observed in care setting,care_setting_context,12,0,,,
edge:2d70be60eeed,concept:3f02509e7e1a,Acute kidney injury,clinical_concept,concept:9462d97142c0,Chronic kidney disease,clinical_concept,Risk factor,empirical_assertion,11,10,PMID:28238158;PMID:31109328;PMID:31662875;PMID:33627796;PMID:35001794;PMID:35788616;PMID:37608237;PMID:39503057;PMID:39731504;PMID:42595820,Non-neonatal pediatric;Not specified;Pediatric age unclear,General inpatient;Not specified;Oncology or transplant;PICU
edge:3a712a8763f1,concept:eb6330a5cf69,Hemolytic uremic syndrome,clinical_concept,population:a0247bcb3f69,Non-neonatal pediatric,population,Observed in population,population_context,11,0,,,
edge:5cd4e0800df9,concept:989fe9aa79c0,NGAL,clinical_concept,concept:3f02509e7e1a,Acute kidney injury,clinical_concept,Diagnosis or staging,empirical_assertion,11,6,PMID:25716557;PMID:32332324;PMID:32479185;PMID:39736157;PMID:40713006;PMID:41169829,Neonatal;Non-neonatal pediatric;Not specified,Cardiac surgery;Not specified;Sepsis
edge:6a0cf252793a,concept:5f1b5d8e8f8c,SA-AKI,clinical_concept,population:a0247bcb3f69,Non-neonatal pediatric,population,Observed in population,population_context,11,0,,,
edge:72a2dae65f66,concept:eb6330a5cf69,Hemolytic uremic syndrome,clinical_concept,population:0fd3b2c23bfc,Pediatric age unclear,population,Observed in population,population_context,11,0,,,
edge:aa7f6c184d6e,concept:68ea491b092f,acute renal failure,clinical_concept,relation:1948b8a73d1c,Association,relation,Participates in relation,relation_context,11,0,,,
edge:c30a574473ba,concept:66db9e71f7f8,Continuous kidney replacement therapy,clinical_concept,setting:90eace7f13ff,Kidney replacement therapy,care_setting,Observed in care setting,care_setting_context,11,0,,,
edge:e28d4719a999,concept:5f1b5d8e8f8c,SA-AKI,clinical_concept,setting:186238cccd6f,Sepsis,care_setting,Observed in care setting,care_setting_context,11,0,,,
edge:ef557ec654bd,concept:abb5d174afd9,MAKE-90,clinical_concept,population:a0247bcb3f69,Non-neonatal pediatric,population,Observed in population,population_context,11,0,,,
edge:f5eb317e7455,concept:2061ae4227c6,contrast-induced acute kidney injury,clinical_concept,population:60f1e913db61,Not specified,population,Observed in population,population_context,11,0,,,
edge:00be3dc2c010,concept:e7b0cc281f13,severe acute kidney injury (AKI),clinical_concept,population:a0247bcb3f69,Non-neonatal pediatric,population,Observed in population,population_context,10,0,,,
edge:017edfe637e5,concept:7a4eb8dff375,infant,clinical_concept,setting:a2ffebdb6db9,General inpatient,care_setting,Observed in care setting,care_setting_context,10,0,,,
edge:3b137258c477,concept:4a168b54caad,postoperative AKI,clinical_concept,population:a0247bcb3f69,Non-neonatal pediatric,population,Observed in population,population_context,10,0,,,
edge:5a6de3711c35,concept:156be6eb85c9,HUS,clinical_concept,setting:60f1e913db61,Not specified,care_setting,Observed in care setting,care_setting_context,10,0,,,
edge:7dcd0865ddda,concept:3f02509e7e1a,Acute kidney injury,clinical_concept,concept:90eace7f13ff,Kidney replacement therapy,clinical_concept,Management or intervention,empirical_assertion,10,10,PMID:30887109;PMID:31925716;PMID:33031348;PMID:33520894;PMID:34431538;PMID:36842880;PMID:37073177;PMID:38336457;PMID:39990882;PMID:40310119,Neonatal;Non-neonatal pediatric;Pediatric age unclear,Kidney replacement therapy;Not specified;PICU
edge:8171ad18a21f,concept:c324fd366ebb,Serum creatinine,clinical_concept,population:60f1e913db61,Not specified,population,Observed in population,population_context,10,0,,,
edge:9147c227b469,concept:83041302c0a8,infants,clinical_concept,population:a6dd3918708d,Neonatal,population,Observed in population,population_context,10,0,,,
edge:c763dcc21f83,concept:c044de379dff,Kidney Disease: Improving Global Outcomes criteria,clinical_concept,relation:fdd437d370c4,Diagnosis or staging,relation,Participates in relation,relation_context,10,0,,,
edge:cb322817594e,concept:90eace7f13ff,Kidney replacement therapy,clinical_concept,population:60f1e913db61,Not specified,population,Observed in population,population_context,10,0,,,
edge:e9c3f273ee2a,concept:97538d771d18,uNGAL,clinical_concept,population:60f1e913db61,Not specified,population,Observed in population,population_context,10,0,,,
edge:ee4c02d85cf4,concept:3f02509e7e1a,Acute kidney injury,clinical_concept,concept:c324fd366ebb,Serum creatinine,clinical_concept,Diagnosis or staging,empirical_assertion,10,10,PMID:25876748;PMID:29508077;PMID:29678895;PMID:32039121;PMID:33282633;PMID:36411193;PMID:37586360;PMID:37843143;PMID:41055701;PMID:42448446,Neonatal;Non-neonatal pediatric;Not specified;Pediatric age unclear,Cardiac surgery;General inpatient;Not specified;PICU
edge:0973352cdd30,concept:c324fd366ebb,Serum creatinine,clinical_concept,concept:3f02509e7e1a,Acute kidney injury,clinical_concept,Diagnosis or staging,empirical_assertion,9,9,PMID:22365170;PMID:28937056;PMID:31614137;PMID:35220310;PMID:36880931;PMID:37365422;PMID:37416842;PMID:39736157;PMID:40677412,Neonatal;Non-neonatal pediatric;Not specified;Pediatric age unclear,General inpatient;Not specified;PICU;Sepsis
edge:0d838056f234,concept:a5cc06456c35,NEC,clinical_concept,population:a6dd3918708d,Neonatal,population,Observed in population,population_context,9,0,,,
edge:1426d2c68dfc,concept:97538d771d18,uNGAL,clinical_concept,relation:837276742aa9,Prediction,relation,Participates in relation,relation_context,9,0,,,
edge:21b691645164,concept:66db9e71f7f8,Continuous kidney replacement therapy,clinical_concept,population:0fd3b2c23bfc,Pediatric age unclear,population,Observed in population,population_context,9,0,,,
edge:3c0f5cf28888,concept:faa0eb06e45f,MIS-C,clinical_concept,setting:a2ffebdb6db9,General inpatient,care_setting,Observed in care setting,care_setting_context,9,0,,,
edge:3f72b6760af3,concept:f7d635cfe882,morbidity and mortality,clinical_concept,relation:1948b8a73d1c,Association,relation,Participates in relation,relation_context,9,0,,,
edge:56f2f9f60403,concept:4a168b54caad,postoperative AKI,clinical_concept,setting:a2ffebdb6db9,General inpatient,care_setting,Observed in care setting,care_setting_context,9,0,,,
edge:681109896151,concept:e7b0cc281f13,severe acute kidney injury (AKI),clinical_concept,relation:837276742aa9,Prediction,relation,Participates in relation,relation_context,9,0,,,
edge:70ef5f4f51df,concept:2807f5d1984f,Cardiac surgery-associated acute kidney injury,clinical_concept,setting:04a3a8cdc90f,Cardiac surgery,care_setting,Observed in care setting,care_setting_context,9,0,,,
edge:719ac9d62a4e,concept:5968f4edfd74,CS-AKI,clinical_concept,relation:1948b8a73d1c,Association,relation,Participates in relation,relation_context,9,0,,,
edge:7f45f9a2dabf,concept:156be6eb85c9,HUS,clinical_concept,population:a0247bcb3f69,Non-neonatal pediatric,population,Observed in population,population_context,9,0,,,
edge:84cf4d502bf9,concept:e7b0cc281f13,severe acute kidney injury (AKI),clinical_concept,setting:009f0c0461ec,PICU,care_setting,Observed in care setting,care_setting_context,9,0,,,
edge:ab3e8070a5ce,concept:e6bd2a03ca8f,preterm infants,clinical_concept,population:a6dd3918708d,Neonatal,population,Observed in population,population_context,9,0,,,
edge:abd0f8d3f9e6,concept:be594bc0b9db,renal function,clinical_concept,setting:60f1e913db61,Not specified,care_setting,Observed in care setting,care_setting_context,9,0,,,
edge:b8b2c87de934,concept:6a523a52b63c,Diabetic ketoacidosis,clinical_concept,relation:1948b8a73d1c,Association,relation,Participates in relation,relation_context,9,0,,,
edge:bdef6f3e71d9,concept:3f02509e7e1a,Acute kidney injury,clinical_concept,concept:c044de379dff,Kidney Disease: Improving Global Outcomes criteria,clinical_concept,Diagnosis or staging,empirical_assertion,9,9,PMID:28641607;PMID:30395106;PMID:33446916;PMID:34210376;PMID:34742257;PMID:36179241;PMID:37200952;PMID:38839382;PMID:40966765,Neonatal;Non-neonatal pediatric;Pediatric age unclear,Cardiac surgery;General inpatient;Not specified;Oncology or transplant
edge:cc6a9e929381,concept:186238cccd6f,Sepsis,clinical_concept,population:a6dd3918708d,Neonatal,population,Observed in population,population_context,9,0,,,
edge:ceeb51ab610b,concept:a5e582c4947e,severe acute kidney injury,clinical_concept,relation:1948b8a73d1c,Association,relation,Participates in relation,relation_context,9,0,,,
edge:cf604c36b287,concept:1da5a27f88be,CA-AKI,clinical_concept,population:a0247bcb3f69,Non-neonatal pediatric,population,Observed in population,population_context,9,0,,,
edge:d2728c177a7e,concept:0f3162046e6d,renal injury,clinical_concept,setting:60f1e913db61,Not specified,care_setting,Observed in care setting,care_setting_context,9,0,,,
edge:d31489a36393,concept:29166f0942dc,fluid overload,clinical_concept,population:a6dd3918708d,Neonatal,population,Observed in population,population_context,9,0,,,
edge:d41bab32dd7b,concept:0150705d6583,Neonatal AKI,clinical_concept,population:a6dd3918708d,Neonatal,population,Observed in population,population_context,9,0,,,
edge:e1dfbe572a6f,concept:cfed5392e86b,Rhabdomyolysis,clinical_concept,setting:60f1e913db61,Not specified,care_setting,Observed in care setting,care_setting_context,9,0,,,
edge:eecd39cab2bf,concept:d1d50bf387fa,poor outcome,clinical_concept,population:a0247bcb3f69,Non-neonatal pediatric,population,Observed in population,population_context,9,0,,,
edge:f4ce82e7346f,concept:b253b8446dc6,cardiac surgery-associated acute kidney injury,clinical_concept,setting:04a3a8cdc90f,Cardiac surgery,care_setting,Observed in care setting,care_setting_context,9,0,,,
edge:07c7642cc98d,concept:29166f0942dc,fluid overload,clinical_concept,population:60f1e913db61,Not specified,population,Observed in population,population_context,8,0,,,
edge:1a10bf70a29c,concept:162a81bb5a59,CI-AKI,clinical_concept,setting:60f1e913db61,Not specified,care_setting,Observed in care setting,care_setting_context,8,0,,,
edge:2fd7673405b2,concept:5842cf7adf84,RAI,clinical_concept,relation:837276742aa9,Prediction,relation,Participates in relation,relation_context,8,0,,,
edge:3384e8acc6fc,concept:0b6baed8ee51,neonates,clinical_concept,relation:1948b8a73d1c,Association,relation,Participates in relation,relation_context,8,0,,,
edge:4779421c72ba,concept:a5cc06456c35,NEC,clinical_concept,relation:1948b8a73d1c,Association,relation,Participates in relation,relation_context,8,0,,,
edge:486387e110e8,concept:162a81bb5a59,CI-AKI,clinical_concept,population:60f1e913db61,Not specified,population,Observed in population,population_context,8,0,,,
edge:488b8b7c35d6,concept:ebcb3fbb8865,eculizumab,clinical_concept,relation:ddafb963e8e5,Management or intervention,relation,Participates in relation,relation_context,8,0,,,
edge:57f3bad33b94,concept:68ea491b092f,acute renal failure,clinical_concept,setting:60f1e913db61,Not specified,care_setting,Observed in care setting,care_setting_context,8,0,,,
edge:5b845c8fb185,concept:4a168b54caad,postoperative AKI,clinical_concept,relation:1948b8a73d1c,Association,relation,Participates in relation,relation_context,8,0,,,
edge:8901456af0b6,concept:16501326ecd5,CSA-AKI,clinical_concept,relation:837276742aa9,Prediction,relation,Participates in relation,relation_context,8,0,,,
edge:896d4b74d45e,concept:186238cccd6f,Sepsis,clinical_concept,concept:3f02509e7e1a,Acute kidney injury,clinical_concept,Risk factor,empirical_assertion,8,8,PMID:22309622;PMID:26141259;PMID:31197113;PMID:34846061;PMID:39380059;PMID:39963236;PMID:41937187;PMID:42605405,Neonatal;Non-neonatal pediatric;Not specified;Pediatric age unclear,Sepsis
edge:95f2e58a2351,concept:0150705d6583,Neonatal AKI,clinical_concept,setting:60f1e913db61,Not specified,care_setting,Observed in care setting,care_setting_context,8,0,,,
edge:a1cb755754cc,concept:daa4e10d4f1f,Peritoneal dialysis,clinical_concept,population:60f1e913db61,Not specified,population,Observed in population,population_context,8,0,,,
edge:b8f3fcdc8f00,concept:5842cf7adf84,RAI,clinical_concept,setting:60f1e913db61,Not specified,care_setting,Observed in care setting,care_setting_context,8,0,,,
edge:b9c819e6f07d,concept:fdd28da50824,RCA,clinical_concept,setting:90eace7f13ff,Kidney replacement therapy,care_setting,Observed in care setting,care_setting_context,8,0,,,
edge:ca929d44bee4,concept:d1d50bf387fa,poor outcome,clinical_concept,setting:60f1e913db61,Not specified,care_setting,Observed in care setting,care_setting_context,8,0,,,
edge:cade9f7b8905,concept:98c2443d3f14,cardiac surgery-associated acute kidney injury (CSA-AKI),clinical_concept,setting:04a3a8cdc90f,Cardiac surgery,care_setting,Observed in care setting,care_setting_context,8,0,,,
edge:cbdfc17fdedf,concept:989fe9aa79c0,NGAL,clinical_concept,relation:837276742aa9,Prediction,relation,Participates in relation,relation_context,8,0,,,
edge:d7edfe295bfc,concept:d51947a9247d,pediatric patients,clinical_concept,setting:60f1e913db61,Not specified,care_setting,Observed in care setting,care_setting_context,8,0,,,
edge:ddd5661e7944,concept:a5e582c4947e,severe acute kidney injury,clinical_concept,relation:837276742aa9,Prediction,relation,Participates in relation,relation_context,8,0,,,
edge:e4bd5634dd7b,concept:cfed5392e86b,Rhabdomyolysis,clinical_concept,relation:1948b8a73d1c,Association,relation,Participates in relation,relation_context,8,0,,,
edge:fb5f8f1bf01a,concept:3f02509e7e1a,Acute kidney injury,clinical_concept,concept:fbfb66c84913,Mortality,clinical_concept,Prediction,empirical_assertion,8,8,PMID:25294924;PMID:27806970;PMID:30043916;PMID:34742257;PMID:37889917;PMID:39980830;PMID:40279316;PMID:42237840,Neonatal;Non-neonatal pediatric;Pediatric age unclear,General inpatient;Kidney replacement therapy;Not specified;PICU;Sepsis
edge:05ae313b5f8d,concept:1728f2b1c5c0,aRAI,clinical_concept,population:a0247bcb3f69,Non-neonatal pediatric,population,Observed in population,population_context,7,0,,,
edge:1254374bc419,concept:877092f761a5,5-year-old male child,clinical_concept,setting:a2ffebdb6db9,General inpatient,care_setting,Observed in care setting,care_setting_context,7,0,,,
edge:12dc6708688f,concept:97538d771d18,uNGAL,clinical_concept,population:a6dd3918708d,Neonatal,population,Observed in population,population_context,7,0,,,
edge:1a150e2d6880,concept:989fe9aa79c0,NGAL,clinical_concept,setting:04a3a8cdc90f,Cardiac surgery,care_setting,Observed in care setting,care_setting_context,7,0,,,
edge:1abee92973b6,concept:83041302c0a8,infants,clinical_concept,relation:1948b8a73d1c,Association,relation,Participates in relation,relation_context,7,0,,,
edge:267af9544d43,concept:4276166e23d9,eGFR,clinical_concept,relation:1948b8a73d1c,Association,relation,Participates in relation,relation_context,7,0,,,
edge:2edef8f959f0,concept:a5e582c4947e,severe acute kidney injury,clinical_concept,setting:60f1e913db61,Not specified,care_setting,Observed in care setting,care_setting_context,7,0,,,
edge:3992ad4d262e,concept:6cab5ccce04f,early fluid overload,clinical_concept,population:a0247bcb3f69,Non-neonatal pediatric,population,Observed in population,population_context,7,0,,,
edge:3e86100aa25c,concept:04a3a8cdc90f,Cardiac surgery,clinical_concept,relation:a62d286204b7,Risk factor,relation,Participates in relation,relation_context,7,0,,,
edge:44c6f3017878,concept:42b89a6b7380,vancomycin,clinical_concept,population:a6dd3918708d,Neonatal,population,Observed in population,population_context,7,0,,,
edge:4957e93f0801,concept:c324fd366ebb,Serum creatinine,clinical_concept,concept:3f02509e7e1a,Acute kidney injury,clinical_concept,Association,empirical_assertion,7,7,PMID:25970334;PMID:26506741;PMID:31179128;PMID:34616543;PMID:39493743;PMID:40272699;PMID:40463848,Neonatal;Non-neonatal pediatric;Not specified,Cardiac surgery;General inpatient;Not specified;Sepsis
edge:4b37c9bb810d,concept:186238cccd6f,Sepsis,clinical_concept,setting:009f0c0461ec,PICU,care_setting,Observed in care setting,care_setting_context,7,0,,,
edge:4b514dab3585,concept:877092f761a5,5-year-old male child,clinical_concept,population:a0247bcb3f69,Non-neonatal pediatric,population,Observed in population,population_context,7,0,,,
edge:5484cdd741c2,concept:2807f5d1984f,Cardiac surgery-associated acute kidney injury,clinical_concept,population:a0247bcb3f69,Non-neonatal pediatric,population,Observed in population,population_context,7,0,,,
edge:56273d0ce6f7,concept:44b04110b9cf,Sepsis-associated acute kidney injury,clinical_concept,setting:186238cccd6f,Sepsis,care_setting,Observed in care setting,care_setting_context,7,0,,,
edge:56c0e1d0ac60,concept:c044de379dff,Kidney Disease: Improving Global Outcomes criteria,clinical_concept,population:a0247bcb3f69,Non-neonatal pediatric,population,Observed in population,population_context,7,0,,,
edge:5be921a91caa,concept:4f4a351f26a7,Fluid overload,clinical_concept,setting:04a3a8cdc90f,Cardiac surgery,care_setting,Observed in care setting,care_setting_context,7,0,,,
edge:67c39b479312,concept:ebcb3fbb8865,eculizumab,clinical_concept,setting:a2ffebdb6db9,General inpatient,care_setting,Observed in care setting,care_setting_context,7,0,,,
edge:726f230c8dd4,concept:821dea596ce1,postoperative acute kidney injury,clinical_concept,setting:04a3a8cdc90f,Cardiac surgery,care_setting,Observed in care setting,care_setting_context,7,0,,,
edge:78ec93a5c1a0,concept:f7d635cfe882,morbidity and mortality,clinical_concept,setting:60f1e913db61,Not specified,care_setting,Observed in care setting,care_setting_context,7,0,,,
edge:83735b5571c7,concept:6cab5ccce04f,early fluid overload,clinical_concept,setting:009f0c0461ec,PICU,care_setting,Observed in care setting,care_setting_context,7,0,,,
edge:865d732a121b,concept:310856e3f537,Pregnancy-related acute kidney injury (PRAKI),clinical_concept,setting:60f1e913db61,Not specified,care_setting,Observed in care setting,care_setting_context,7,0,,,
edge:8ad42040e354,concept:3ae2e469c093,underweight,clinical_concept,population:a0247bcb3f69,Non-neonatal pediatric,population,Observed in population,population_context,7,0,,,
edge:8c51c7b03934,concept:a5e582c4947e,severe acute kidney injury,clinical_concept,setting:009f0c0461ec,PICU,care_setting,Observed in care setting,care_setting_context,7,0,,,
edge:8fb9bffb8e2c,concept:5c76a77d0978,indomethacin,clinical_concept,population:a6dd3918708d,Neonatal,population,Observed in population,population_context,7,0,,,
edge:98ded766a786,concept:16501326ecd5,CSA-AKI,clinical_concept,population:60f1e913db61,Not specified,population,Observed in population,population_context,7,0,,,
edge:9d32925e3fc4,concept:2247e02f778d,Hypertension,clinical_concept,relation:1948b8a73d1c,Association,relation,Participates in relation,relation_context,7,0,,,
edge:ab019c011d05,concept:68ea491b092f,acute renal failure,clinical_concept,population:a0247bcb3f69,Non-neonatal pediatric,population,Observed in population,population_context,7,0,,,
edge:ad77a19e78c2,concept:abb5d174afd9,MAKE-90,clinical_concept,setting:90eace7f13ff,Kidney replacement therapy,care_setting,Observed in care setting,care_setting_context,7,0,,,
edge:c67b15d2943a,concept:989fe9aa79c0,NGAL,clinical_concept,population:60f1e913db61,Not specified,population,Observed in population,population_context,7,0,,,
edge:c7950b23895a,concept:3f02509e7e1a,Acute kidney injury,clinical_concept,concept:faa0eb06e45f,MIS-C,clinical_concept,Association,empirical_assertion,7,7,PMID:32924059;PMID:33579813;PMID:35747195;PMID:36791681;PMID:36896751;PMID:40731771;PMID:41618219,Non-neonatal pediatric;Pediatric age unclear,General inpatient;Not specified
edge:c8cf95bd45b9,concept:966ac4713e4b,dialysis,clinical_concept,setting:60f1e913db61,Not specified,care_setting,Observed in care setting,care_setting_context,7,0,,,
edge:cd993b97dbbc,concept:1728f2b1c5c0,aRAI,clinical_concept,setting:a2ffebdb6db9,General inpatient,care_setting,Observed in care setting,care_setting_context,7,0,,,
edge:d13e630f491c,concept:be594bc0b9db,renal function,clinical_concept,population:a0247bcb3f69,Non-neonatal pediatric,population,Observed in population,population_context,7,0,,,
edge:d45368391e3c,concept:1cc152716766,severe AKI,clinical_concept,setting:04a3a8cdc90f,Cardiac surgery,care_setting,Observed in care setting,care_setting_context,7,0,,,
edge:dd2a5a390815,concept:1da5a27f88be,CA-AKI,clinical_concept,setting:a2ffebdb6db9,General inpatient,care_setting,Observed in care setting,care_setting_context,7,0,,,
edge:e2b67cc57d71,concept:59e2545d8c12,renal replacement therapy,clinical_concept,setting:90eace7f13ff,Kidney replacement therapy,care_setting,Observed in care setting,care_setting_context,7,0,,,
edge:eb17061a1947,concept:6670fd44fff1,neonatal AKI,clinical_concept,relation:1948b8a73d1c,Association,relation,Participates in relation,relation_context,7,0,,,
edge:ed84264bb18f,concept:44861e186e12,KIM-1,clinical_concept,setting:60f1e913db61,Not specified,care_setting,Observed in care setting,care_setting_context,7,0,,,
edge:ee575390ee27,concept:310856e3f537,Pregnancy-related acute kidney injury (PRAKI),clinical_concept,population:60f1e913db61,Not specified,population,Observed in population,population_context,7,0,,,
edge:f38024156980,concept:be594bc0b9db,renal function,clinical_concept,relation:a81434589757,Monitoring,relation,Participates in relation,relation_context,7,0,,,
edge:fcc5fa679c5d,concept:222e14394aeb,rhabdomyolysis,clinical_concept,setting:a2ffebdb6db9,General inpatient,care_setting,Observed in care setting,care_setting_context,7,0,,,
edge:ffff0447e205,concept:6cab5ccce04f,early fluid overload,clinical_concept,relation:1948b8a73d1c,Association,relation,Participates in relation,relation_context,7,0,,,
edge:01b4c67a6560,concept:7b0261c11888,therapeutic hypothermia,clinical_concept,relation:d3f0610632bb,Outcome,relation,Participates in relation,relation_context,6,0,,,
edge:02ea36a02f53,concept:c8eed53d9aca,Rasburicase,clinical_concept,relation:ddafb963e8e5,Management or intervention,relation,Participates in relation,relation_context,6,0,,,
edge:040e8b52c56f,concept:ac5779b12a77,IVH,clinical_concept,population:a6dd3918708d,Neonatal,population,Observed in population,population_context,6,0,,,
edge:084f6ff2059f,concept:8257a9cef2fe,ARC,clinical_concept,population:a0247bcb3f69,Non-neonatal pediatric,population,Observed in population,population_context,6,0,,,
edge:09090937b5a6,concept:c044de379dff,Kidney Disease: Improving Global Outcomes criteria,clinical_concept,setting:60f1e913db61,Not specified,care_setting,Observed in care setting,care_setting_context,6,0,,,
edge:0c8856ffd8cc,concept:564d425cfce5,uNGAL concentration,clinical_concept,population:a6dd3918708d,Neonatal,population,Observed in population,population_context,6,0,,,
edge:0e861e3e909e,concept:5501c332f08d,hospital mortality,clinical_concept,relation:1948b8a73d1c,Association,relation,Participates in relation,relation_context,6,0,,,
edge:0f0c775e6a59,concept:8257a9cef2fe,ARC,clinical_concept,setting:186238cccd6f,Sepsis,care_setting,Observed in care setting,care_setting_context,6,0,,,
edge:10a6bfd1ce7a,concept:a92c7db0d74e,pSAKI-2,clinical_concept,setting:186238cccd6f,Sepsis,care_setting,Observed in care setting,care_setting_context,6,0,,,
edge:110acfc59e62,concept:ebcb3fbb8865,eculizumab,clinical_concept,population:a0247bcb3f69,Non-neonatal pediatric,population,Observed in population,population_context,6,0,,,
edge:11592e5455dc,concept:ac5779b12a77,IVH,clinical_concept,setting:a2ffebdb6db9,General inpatient,care_setting,Observed in care setting,care_setting_context,6,0,,,
edge:15ea6c7f2e43,concept:1cc152716766,severe AKI,clinical_concept,setting:009f0c0461ec,PICU,care_setting,Observed in care setting,care_setting_context,6,0,,,
edge:16b8567f4a68,concept:0a1913b09d78,aHUS,clinical_concept,population:a0247bcb3f69,Non-neonatal pediatric,population,Observed in population,population_context,6,0,,,
edge:1976c57de4a7,concept:fdd28da50824,RCA,clinical_concept,relation:1948b8a73d1c,Association,relation,Participates in relation,relation_context,6,0,,,
edge:1b0552f5e967,concept:bdc8e6790aae,gene,clinical_concept,relation:1948b8a73d1c,Association,relation,Participates in relation,relation_context,6,0,,,
edge:1b2ef06de131,concept:98c2443d3f14,cardiac surgery-associated acute kidney injury (CSA-AKI),clinical_concept,relation:837276742aa9,Prediction,relation,Participates in relation,relation_context,6,0,,,
edge:1cacec8afca7,concept:b2a03bf05d09,She,clinical_concept,population:a0247bcb3f69,Non-neonatal pediatric,population,Observed in population,population_context,6,0,,,
edge:1d53ecc32574,concept:a92c7db0d74e,pSAKI-2,clinical_concept,population:a0247bcb3f69,Non-neonatal pediatric,population,Observed in population,population_context,6,0,,,
edge:1de594ac64cd,concept:4276166e23d9,eGFR,clinical_concept,population:a0247bcb3f69,Non-neonatal pediatric,population,Observed in population,population_context,6,0,,,
edge:258369ac169c,concept:16501326ecd5,CSA-AKI,clinical_concept,population:a0247bcb3f69,Non-neonatal pediatric,population,Observed in population,population_context,6,0,,,
edge:25c18e00ccbf,concept:1728f2b1c5c0,aRAI,clinical_concept,relation:837276742aa9,Prediction,relation,Participates in relation,relation_context,6,0,,,
edge:2823ef959ea6,concept:abb5d174afd9,MAKE-90,clinical_concept,relation:1948b8a73d1c,Association,relation,Participates in relation,relation_context,6,0,,,
edge:291dad25bf21,concept:86b49243738d,dexmedetomidine,clinical_concept,setting:04a3a8cdc90f,Cardiac surgery,care_setting,Observed in care setting,care_setting_context,6,0,,,
edge:2a7f3f456afd,concept:59e2545d8c12,renal replacement therapy,clinical_concept,relation:1948b8a73d1c,Association,relation,Participates in relation,relation_context,6,0,,,
edge:2d5fa7f751ed,concept:7b0261c11888,therapeutic hypothermia,clinical_concept,setting:a2ffebdb6db9,General inpatient,care_setting,Observed in care setting,care_setting_context,6,0,,,
edge:31d3bf179954,concept:7b0261c11888,therapeutic hypothermia,clinical_concept,population:a6dd3918708d,Neonatal,population,Observed in population,population_context,6,0,,,
edge:3276ecb27c83,concept:44861e186e12,KIM-1,clinical_concept,population:60f1e913db61,Not specified,population,Observed in population,population_context,6,0,,,
edge:32f8c452b281,concept:0a25f29c0297,Sodium bicarbonate therapy,clinical_concept,population:a0247bcb3f69,Non-neonatal pediatric,population,Observed in population,population_context,6,0,,,
edge:3339f03f86a4,concept:95ef3a63a17f,midodrine,clinical_concept,setting:60f1e913db61,Not specified,care_setting,Observed in care setting,care_setting_context,6,0,,,
edge:3a72f03a9168,concept:4a168b54caad,postoperative AKI,clinical_concept,population:0fd3b2c23bfc,Pediatric age unclear,population,Observed in population,population_context,6,0,,,
edge:44f4d19dd7e1,concept:fbfb66c84913,Mortality,clinical_concept,concept:3f02509e7e1a,Acute kidney injury,clinical_concept,Association,empirical_assertion,6,5,PMID:35538239;PMID:35943577;PMID:36949287;PMID:37763712;PMID:38659299,Neonatal;Non-neonatal pediatric;Pediatric age unclear,Cardiac surgery;General inpatient;Not specified;Oncology or transplant
edge:458b9f260ec6,concept:4276166e23d9,eGFR,clinical_concept,setting:60f1e913db61,Not specified,care_setting,Observed in care setting,care_setting_context,6,0,,,
edge:5773b8b88e5b,concept:86b49243738d,dexmedetomidine,clinical_concept,population:0fd3b2c23bfc,Pediatric age unclear,population,Observed in population,population_context,6,0,,,
edge:5a1c9df72b85,concept:4276166e23d9,eGFR,clinical_concept,population:0fd3b2c23bfc,Pediatric age unclear,population,Observed in population,population_context,6,0,,,
edge:633c8db262ba,concept:7a4eb8dff375,infant,clinical_concept,relation:1948b8a73d1c,Association,relation,Participates in relation,relation_context,6,0,,,
edge:64b2586d6c75,concept:ef2a9264a999,7-year-old male,clinical_concept,population:a0247bcb3f69,Non-neonatal pediatric,population,Observed in population,population_context,6,0,,,
edge:6701909ee5b2,concept:c324fd366ebb,Serum creatinine,clinical_concept,setting:186238cccd6f,Sepsis,care_setting,Observed in care setting,care_setting_context,6,0,,,
edge:68cb805892b7,concept:eda314d57f7d,urinary NGAL,clinical_concept,population:a0247bcb3f69,Non-neonatal pediatric,population,Observed in population,population_context,6,0,,,
edge:69b4846ebf34,concept:989fe9aa79c0,NGAL,clinical_concept,setting:186238cccd6f,Sepsis,care_setting,Observed in care setting,care_setting_context,6,0,,,
edge:6abdaedc74bc,concept:5b4b8b48f4f9,11-month-old male infant with Down syndrome,clinical_concept,setting:a2ffebdb6db9,General inpatient,care_setting,Observed in care setting,care_setting_context,6,0,,,
edge:6d37c663a0b8,concept:d51947a9247d,pediatric patients,clinical_concept,relation:1948b8a73d1c,Association,relation,Participates in relation,relation_context,6,0,,,
edge:74a2b3aa47eb,concept:83c73b3f7837,chronic kidney disease (CKD),clinical_concept,population:a6dd3918708d,Neonatal,population,Observed in population,population_context,6,0,,,
edge:75993c4a5491,concept:2f4a93b710bc,CIN-AKI,clinical_concept,setting:04a3a8cdc90f,Cardiac surgery,care_setting,Observed in care setting,care_setting_context,6,0,,,
edge:75f2404af021,concept:d1d50bf387fa,poor outcome,clinical_concept,relation:a62d286204b7,Risk factor,relation,Participates in relation,relation_context,6,0,,,
edge:769c6f844b50,concept:564d425cfce5,uNGAL concentration,clinical_concept,relation:1948b8a73d1c,Association,relation,Participates in relation,relation_context,6,0,,,
edge:7b63de097d0d,concept:0d9bd6b5d986,vancomycin plus piperacillin-tazobactam,clinical_concept,relation:1948b8a73d1c,Association,relation,Participates in relation,relation_context,6,0,,,
edge:7d2d59edb5d7,concept:95ef3a63a17f,midodrine,clinical_concept,population:a0247bcb3f69,Non-neonatal pediatric,population,Observed in population,population_context,6,0,,,
edge:8bb898637fd1,concept:529318bd11e6,Pregnancy-associated acute kidney injury,clinical_concept,setting:60f1e913db61,Not specified,care_setting,Observed in care setting,care_setting_context,6,0,,,
edge:8d5e6df2eebd,concept:59e2545d8c12,renal replacement therapy,clinical_concept,population:a0247bcb3f69,Non-neonatal pediatric,population,Observed in population,population_context,6,0,,,
edge:8dabf9f45042,concept:6670fd44fff1,neonatal AKI,clinical_concept,relation:a62d286204b7,Risk factor,relation,Participates in relation,relation_context,6,0,,,
edge:9bc04f5ab230,concept:564d425cfce5,uNGAL concentration,clinical_concept,setting:a2ffebdb6db9,General inpatient,care_setting,Observed in care setting,care_setting_context,6,0,,,
edge:a275a97b4ead,concept:ac7142059aaf,passive cooling,clinical_concept,population:a6dd3918708d,Neonatal,population,Observed in population,population_context,6,0,,,
edge:aa271757a6b2,concept:1c4c20aa95a2,polymyxin B,clinical_concept,population:a0247bcb3f69,Non-neonatal pediatric,population,Observed in population,population_context,6,0,,,
edge:af605720fc6a,concept:95ef3a63a17f,midodrine,clinical_concept,relation:d3f0610632bb,Outcome,relation,Participates in relation,relation_context,6,0,,,
edge:b51e3dc60005,concept:59e2545d8c12,renal replacement therapy,clinical_concept,population:60f1e913db61,Not specified,population,Observed in population,population_context,6,0,,,
edge:b86286bab339,concept:faa0eb06e45f,MIS-C,clinical_concept,setting:60f1e913db61,Not specified,care_setting,Observed in care setting,care_setting_context,6,0,,,
edge:ba0f1834f92d,concept:bdc8e6790aae,gene,clinical_concept,setting:60f1e913db61,Not specified,care_setting,Observed in care setting,care_setting_context,6,0,,,
edge:bd90977d635e,concept:5b4b8b48f4f9,11-month-old male infant with Down syndrome,clinical_concept,population:a0247bcb3f69,Non-neonatal pediatric,population,Observed in population,population_context,6,0,,,
edge:bdfba6f2962b,concept:3b43d6970eba,DKA,clinical_concept,population:a0247bcb3f69,Non-neonatal pediatric,population,Observed in population,population_context,6,0,,,
edge:c01d253e4ecc,concept:c25c6507b288,Renal resistive index,clinical_concept,population:a6dd3918708d,Neonatal,population,Observed in population,population_context,6,0,,,
edge:c02b08bb970c,concept:2f4a93b710bc,CIN-AKI,clinical_concept,population:a0247bcb3f69,Non-neonatal pediatric,population,Observed in population,population_context,6,0,,,
edge:c25163d4d028,concept:529318bd11e6,Pregnancy-associated acute kidney injury,clinical_concept,population:60f1e913db61,Not specified,population,Observed in population,population_context,6,0,,,
edge:c2aa6f60f340,concept:c25c6507b288,Renal resistive index,clinical_concept,setting:04a3a8cdc90f,Cardiac surgery,care_setting,Observed in care setting,care_setting_context,6,0,,,
edge:c319998700dc,concept:e5c826f41729,AKD,clinical_concept,population:a0247bcb3f69,Non-neonatal pediatric,population,Observed in population,population_context,6,0,,,
edge:c3472081ee36,concept:4f4a351f26a7,Fluid overload,clinical_concept,population:a0247bcb3f69,Non-neonatal pediatric,population,Observed in population,population_context,6,0,,,
edge:c60765847f29,concept:5842cf7adf84,RAI,clinical_concept,concept:3f02509e7e1a,Acute kidney injury,clinical_concept,Prediction,empirical_assertion,6,2,PMID:32259128;PMID:34395339,Non-neonatal pediatric;Pediatric age unclear,Not specified
edge:c8e9d944446b,concept:ef2a9264a999,7-year-old male,clinical_concept,setting:60f1e913db61,Not specified,care_setting,Observed in care setting,care_setting_context,6,0,,,
edge:caf3c1a477cc,concept:ac7142059aaf,passive cooling,clinical_concept,relation:1948b8a73d1c,Association,relation,Participates in relation,relation_context,6,0,,,
edge:cdc26c8517f8,concept:01db9c235376,creatinine,clinical_concept,population:a0247bcb3f69,Non-neonatal pediatric,population,Observed in population,population_context,6,0,,,
edge:d0598697cc13,concept:7bd96b1fd2e3,cerebral edema,clinical_concept,population:a0247bcb3f69,Non-neonatal pediatric,population,Observed in population,population_context,6,0,,,
edge:d0b796dc7dbe,concept:bfb0dc1e8fdf,AKI incidence,clinical_concept,relation:1948b8a73d1c,Association,relation,Participates in relation,relation_context,6,0,,,
edge:dca2f5dc1e6d,concept:c8eed53d9aca,Rasburicase,clinical_concept,population:a6dd3918708d,Neonatal,population,Observed in population,population_context,6,0,,,
edge:debf1b6ab7d8,concept:59e2545d8c12,renal replacement therapy,clinical_concept,relation:ddafb963e8e5,Management or intervention,relation,Participates in relation,relation_context,6,0,,,
edge:df3f7e1c1992,concept:0a6588f8aa37,CKRT,clinical_concept,relation:ddafb963e8e5,Management or intervention,relation,Participates in relation,relation_context,6,0,,,
edge:e18015819536,concept:b2c3a81e8092,neonatal acute kidney injury,clinical_concept,population:a6dd3918708d,Neonatal,population,Observed in population,population_context,6,0,,,
edge:e2b722e5ba99,concept:0a25f29c0297,Sodium bicarbonate therapy,clinical_concept,setting:009f0c0461ec,PICU,care_setting,Observed in care setting,care_setting_context,6,0,,,
edge:e6b27a79c313,concept:222e14394aeb,rhabdomyolysis,clinical_concept,concept:3f02509e7e1a,Acute kidney injury,clinical_concept,Association,empirical_assertion,6,6,PMID:30085171;PMID:39081695;PMID:39559972;PMID:40310119;PMID:41146051;PMID:41194818,Non-neonatal pediatric,General inpatient;Not specified
edge:eab136ee1b8c,concept:c94bac1a8dbd,Carnitine palmitoyltransferase II (CPT2) deficiency,clinical_concept,setting:60f1e913db61,Not specified,care_setting,Observed in care setting,care_setting_context,6,0,,,
edge:f39f75e2e39b,concept:156be6eb85c9,HUS,clinical_concept,setting:a2ffebdb6db9,General inpatient,care_setting,Observed in care setting,care_setting_context,6,0,,,
edge:fcc2aade4ad2,concept:0a6588f8aa37,CKRT,clinical_concept,population:a0247bcb3f69,Non-neonatal pediatric,population,Observed in population,population_context,6,0,,,
edge:00974194c036,concept:2247e02f778d,Hypertension,clinical_concept,population:a0247bcb3f69,Non-neonatal pediatric,population,Observed in population,population_context,5,0,,,
edge:0127fba0fdeb,concept:a718e71142a2,ACLF,clinical_concept,relation:837276742aa9,Prediction,relation,Participates in relation,relation_context,5,0,,,
edge:01d2019a9da3,concept:ae4b0d5b5d36,AKI prevention,clinical_concept,population:a0247bcb3f69,Non-neonatal pediatric,population,Observed in population,population_context,5,0,,,
edge:02896752d426,concept:037c298c139d,CRS,clinical_concept,population:0fd3b2c23bfc,Pediatric age unclear,population,Observed in population,population_context,5,0,,,
edge:0514bebb90f9,concept:d56990b2d044,uKIM-1/cr,clinical_concept,setting:186238cccd6f,Sepsis,care_setting,Observed in care setting,care_setting_context,5,0,,,
edge:0b30f400cf19,concept:8206bbb079af,cardiorenal syndrome,clinical_concept,population:a0247bcb3f69,Non-neonatal pediatric,population,Observed in population,population_context,5,0,,,
edge:0bd01b670a70,concept:f7d635cfe882,morbidity and mortality,clinical_concept,population:a6dd3918708d,Neonatal,population,Observed in population,population_context,5,0,,,
edge:0be4b6f137d7,concept:c42d80666e91,neutrophil gelatinase-associated lipocalin,clinical_concept,population:a6dd3918708d,Neonatal,population,Observed in population,population_context,5,0,,,
edge:0c1719283851,concept:5dc56b9aab61,age,clinical_concept,setting:a2ffebdb6db9,General inpatient,care_setting,Observed in care setting,care_setting_context,5,0,,,
edge:0c5d07410659,concept:2e7fb04d9222,7-day-old female neonate,clinical_concept,population:a6dd3918708d,Neonatal,population,Observed in population,population_context,5,0,,,
edge:0d8031d7f2a7,concept:3b43d6970eba,DKA,clinical_concept,relation:1948b8a73d1c,Association,relation,Participates in relation,relation_context,5,0,,,
edge:13d5a485c723,concept:03e5ee22cc19,HELLP syndrome,clinical_concept,setting:60f1e913db61,Not specified,care_setting,Observed in care setting,care_setting_context,5,0,,,
edge:145377fde5af,concept:a67cfd9b7a0b,in-hospital mortality,clinical_concept,population:a0247bcb3f69,Non-neonatal pediatric,population,Observed in population,population_context,5,0,,,
edge:161f66797d94,concept:0b6baed8ee51,neonates,clinical_concept,relation:a62d286204b7,Risk factor,relation,Participates in relation,relation_context,5,0,,,
edge:1a6bdce66d67,concept:4694eebe5ff3,DMSA renal scan,clinical_concept,population:0fd3b2c23bfc,Pediatric age unclear,population,Observed in population,population_context,5,0,,,
edge:1bfb1ed9c8b2,concept:d9a6a20be620,HDMTX-induced AKI,clinical_concept,population:a0247bcb3f69,Non-neonatal pediatric,population,Observed in population,population_context,5,0,,,
edge:2496fc571e07,concept:bdfb040fda35,Hydration,clinical_concept,population:0fd3b2c23bfc,Pediatric age unclear,population,Observed in population,population_context,5,0,,,
edge:257f348ad93f,concept:2bb93c9ef7ee,logSII,clinical_concept,population:a6dd3918708d,Neonatal,population,Observed in population,population_context,5,0,,,
edge:27504f29ef53,concept:5501c332f08d,hospital mortality,clinical_concept,setting:a2ffebdb6db9,General inpatient,care_setting,Observed in care setting,care_setting_context,5,0,,,
edge:2759db520a2d,concept:5dc56b9aab61,age,clinical_concept,relation:1948b8a73d1c,Association,relation,Participates in relation,relation_context,5,0,,,
edge:2e87b57e7b58,concept:c4847974da78,nephrotoxicity,clinical_concept,setting:60f1e913db61,Not specified,care_setting,Observed in care setting,care_setting_context,5,0,,,
edge:3160850b7e8f,concept:ba0d8902976a,16-year-old Caucasian girl with well-controlled type 1 diabetes mellitus,clinical_concept,population:a0247bcb3f69,Non-neonatal pediatric,population,Observed in population,population_context,5,0,,,
edge:346605e1136c,concept:dd04daa49c1d,Baclofen,clinical_concept,setting:60f1e913db61,Not specified,care_setting,Observed in care setting,care_setting_context,5,0,,,
edge:3590db6a68c1,concept:c8eed53d9aca,Rasburicase,clinical_concept,setting:a2ffebdb6db9,General inpatient,care_setting,Observed in care setting,care_setting_context,5,0,,,
edge:3632965cff34,concept:044d4ce1cd53,gut microbiota,clinical_concept,setting:60f1e913db61,Not specified,care_setting,Observed in care setting,care_setting_context,5,0,,,
edge:36dbd9948e5e,concept:60be39622d20,high-volume hemofiltration,clinical_concept,population:a0247bcb3f69,Non-neonatal pediatric,population,Observed in population,population_context,5,0,,,
edge:3d0bf99cca61,concept:e51a81ac6eda,CAKUT,clinical_concept,setting:a2ffebdb6db9,General inpatient,care_setting,Observed in care setting,care_setting_context,5,0,,,
edge:3f06a908cc96,concept:98c2443d3f14,cardiac surgery-associated acute kidney injury (CSA-AKI),clinical_concept,population:a0247bcb3f69,Non-neonatal pediatric,population,Observed in population,population_context,5,0,,,
edge:3fd9fe1b2a05,concept:4694eebe5ff3,DMSA renal scan,clinical_concept,setting:a2ffebdb6db9,General inpatient,care_setting,Observed in care setting,care_setting_context,5,0,,,
edge:400e8a93746e,concept:a5cc06456c35,NEC,clinical_concept,setting:60f1e913db61,Not specified,care_setting,Observed in care setting,care_setting_context,5,0,,,
edge:40181f21b29a,concept:b57746353556,oliguria,clinical_concept,relation:1948b8a73d1c,Association,relation,Participates in relation,relation_context,5,0,,,
edge:48e87dc913e8,concept:01db9c235376,creatinine,clinical_concept,relation:1948b8a73d1c,Association,relation,Participates in relation,relation_context,5,0,,,
edge:48f14261ea63,concept:037c298c139d,CRS,clinical_concept,setting:60f1e913db61,Not specified,care_setting,Observed in care setting,care_setting_context,5,0,,,
edge:49a0b2f67d1c,concept:d9a6a20be620,HDMTX-induced AKI,clinical_concept,setting:60f1e913db61,Not specified,care_setting,Observed in care setting,care_setting_context,5,0,,,
edge:4a7b98e4a0a1,concept:e51a81ac6eda,CAKUT,clinical_concept,population:a6dd3918708d,Neonatal,population,Observed in population,population_context,5,0,,,
edge:4a8d4f7e4b87,concept:70f8fa37cd95,CARPEDIEM,clinical_concept,population:a6dd3918708d,Neonatal,population,Observed in population,population_context,5,0,,,
edge:4c6e4ca900bb,concept:d51947a9247d,pediatric patients,clinical_concept,population:0fd3b2c23bfc,Pediatric age unclear,population,Observed in population,population_context,5,0,,,
edge:4cf9fb38b1df,concept:6df5cad550fc,poor outcomes,clinical_concept,setting:60f1e913db61,Not specified,care_setting,Observed in care setting,care_setting_context,5,0,,,
edge:511df25c98bc,concept:3b43d6970eba,DKA,clinical_concept,setting:a2ffebdb6db9,General inpatient,care_setting,Observed in care setting,care_setting_context,5,0,,,
edge:52238f098715,concept:4878d7fbf8e1,Postinfectious glomerulonephritis (PIGN),clinical_concept,population:a0247bcb3f69,Non-neonatal pediatric,population,Observed in population,population_context,5,0,,,
edge:5640f10628c3,concept:3f02509e7e1a,Acute kidney injury,clinical_concept,concept:daa4e10d4f1f,Peritoneal dialysis,clinical_concept,Management or intervention,empirical_assertion,5,5,PMID:31310475;PMID:35084035;PMID:35946131;PMID:39493743;PMID:39823001,Neonatal;Non-neonatal pediatric;Pediatric age unclear,Cardiac surgery;General inpatient;Not specified;PICU
edge:56792ca66dc7,concept:faead1afc0f7,TyG index,clinical_concept,setting:009f0c0461ec,PICU,care_setting,Observed in care setting,care_setting_context,5,0,,,
edge:587d49f6999b,concept:29166f0942dc,fluid overload,clinical_concept,relation:ddafb963e8e5,Management or intervention,relation,Participates in relation,relation_context,5,0,,,
edge:58b23df83e34,concept:b84169bad39c,L-FABP,clinical_concept,setting:60f1e913db61,Not specified,care_setting,Observed in care setting,care_setting_context,5,0,,,
edge:59c9ab528f98,concept:83041302c0a8,infants,clinical_concept,setting:60f1e913db61,Not specified,care_setting,Observed in care setting,care_setting_context,5,0,,,
edge:5bc74dca808c,concept:97538d771d18,uNGAL,clinical_concept,relation:fdd437d370c4,Diagnosis or staging,relation,Participates in relation,relation_context,5,0,,,
edge:5d41c9450493,concept:0150705d6583,Neonatal AKI,clinical_concept,relation:a62d286204b7,Risk factor,relation,Participates in relation,relation_context,5,0,,,
edge:615764f45841,concept:72fabde7d614,pregnancy-associated acute kidney injury,clinical_concept,population:60f1e913db61,Not specified,population,Observed in population,population_context,5,0,,,
edge:624ff3a3bf72,concept:03e5ee22cc19,HELLP syndrome,clinical_concept,population:60f1e913db61,Not specified,population,Observed in population,population_context,5,0,,,
edge:661815de4ef5,concept:cfed5392e86b,Rhabdomyolysis,clinical_concept,population:a0247bcb3f69,Non-neonatal pediatric,population,Observed in population,population_context,5,0,,,
edge:666e0629c2b3,concept:2061ae4227c6,contrast-induced acute kidney injury,clinical_concept,relation:1948b8a73d1c,Association,relation,Participates in relation,relation_context,5,0,,,
edge:67e2eb8f5938,concept:511d9f099a20,Neutrophil gelatinase-associated lipocalin,clinical_concept,setting:04a3a8cdc90f,Cardiac surgery,care_setting,Observed in care setting,care_setting_context,5,0,,,
edge:6be0122599fa,concept:0a1913b09d78,aHUS,clinical_concept,relation:a62d286204b7,Risk factor,relation,Participates in relation,relation_context,5,0,,,
edge:6dcf3ec9273a,concept:0f3162046e6d,renal injury,clinical_concept,population:60f1e913db61,Not specified,population,Observed in population,population_context,5,0,,,
edge:6f7e74a746ec,concept:ba0d8902976a,16-year-old Caucasian girl with well-controlled type 1 diabetes mellitus,clinical_concept,setting:a2ffebdb6db9,General inpatient,care_setting,Observed in care setting,care_setting_context,5,0,,,
edge:7161713ba4dd,concept:2f4a93b710bc,CIN-AKI,clinical_concept,relation:1948b8a73d1c,Association,relation,Participates in relation,relation_context,5,0,,,
edge:75410d4f210c,concept:3f02509e7e1a,Acute kidney injury,clinical_concept,concept:a5cc06456c35,NEC,clinical_concept,Association,empirical_assertion,5,2,PMID:35978106;PMID:37843138,Neonatal,General inpatient;Not specified
edge:7a5ba2905f07,concept:c42d80666e91,neutrophil gelatinase-associated lipocalin,clinical_concept,setting:04a3a8cdc90f,Cardiac surgery,care_setting,Observed in care setting,care_setting_context,5,0,,,
edge:7e80dfca50e6,concept:bf502fc059e3,CPB-AKI,clinical_concept,setting:04a3a8cdc90f,Cardiac surgery,care_setting,Observed in care setting,care_setting_context,5,0,,,
edge:7f79ccf8a00a,concept:0a1913b09d78,aHUS,clinical_concept,setting:60f1e913db61,Not specified,care_setting,Observed in care setting,care_setting_context,5,0,,,
edge:80ead51d80fc,concept:b253b8446dc6,cardiac surgery-associated acute kidney injury,clinical_concept,population:a6dd3918708d,Neonatal,population,Observed in population,population_context,5,0,,,
edge:811300c4497f,concept:f7d635cfe882,morbidity and mortality,clinical_concept,population:a0247bcb3f69,Non-neonatal pediatric,population,Observed in population,population_context,5,0,,,
edge:83ff70f4e80f,concept:86b49243738d,dexmedetomidine,clinical_concept,relation:1948b8a73d1c,Association,relation,Participates in relation,relation_context,5,0,,,
edge:84a7a9255511,concept:7bd96b1fd2e3,cerebral edema,clinical_concept,setting:009f0c0461ec,PICU,care_setting,Observed in care setting,care_setting_context,5,0,,,
edge:84b83abd1216,concept:8206bbb079af,cardiorenal syndrome,clinical_concept,setting:60f1e913db61,Not specified,care_setting,Observed in care setting,care_setting_context,5,0,,,
edge:858bf72e97fd,concept:060ec2f18df8,LCOS,clinical_concept,population:a6dd3918708d,Neonatal,population,Observed in population,population_context,5,0,,,
edge:861a9c2f8111,concept:ac7142059aaf,passive cooling,clinical_concept,setting:009f0c0461ec,PICU,care_setting,Observed in care setting,care_setting_context,5,0,,,
edge:89fb4525eadf,concept:42b89a6b7380,vancomycin,clinical_concept,concept:3f02509e7e1a,Acute kidney injury,clinical_concept,Association,empirical_assertion,5,5,PMID:36452916;PMID:39780358;PMID:40966765;PMID:41359059;PMID:42260795,Neonatal;Non-neonatal pediatric,Not specified
edge:8b13fbf60029,concept:06901dda33a5,HRS-AKI,clinical_concept,setting:60f1e913db61,Not specified,care_setting,Observed in care setting,care_setting_context,5,0,,,
edge:8d27d434e3d0,concept:739bd59fa509,Cystatin C,clinical_concept,setting:60f1e913db61,Not specified,care_setting,Observed in care setting,care_setting_context,5,0,,,
edge:8f8604abf07d,concept:b5b44b9e3ed5,mechanical ventilation,clinical_concept,setting:009f0c0461ec,PICU,care_setting,Observed in care setting,care_setting_context,5,0,,,
edge:94a882019765,concept:0d9bd6b5d986,vancomycin plus piperacillin-tazobactam,clinical_concept,population:f529ef2927eb,Explicitly non-pediatric,population,Observed in population,population_context,5,0,,,
edge:94c1bf848d2d,concept:991a5e3f2a5d,critically ill children,clinical_concept,population:a0247bcb3f69,Non-neonatal pediatric,population,Observed in population,population_context,5,0,,,
edge:94fcf5e6e098,concept:d56990b2d044,uKIM-1/cr,clinical_concept,population:a6dd3918708d,Neonatal,population,Observed in population,population_context,5,0,,,
edge:99b1eec775f0,concept:72fabde7d614,pregnancy-associated acute kidney injury,clinical_concept,setting:60f1e913db61,Not specified,care_setting,Observed in care setting,care_setting_context,5,0,,,
edge:a1ad923118f2,concept:42abe1123034,cidofovir,clinical_concept,setting:60f1e913db61,Not specified,care_setting,Observed in care setting,care_setting_context,5,0,,,
edge:a2178affe59c,concept:162a81bb5a59,CI-AKI,clinical_concept,relation:a62d286204b7,Risk factor,relation,Participates in relation,relation_context,5,0,,,
edge:a7488145ec93,concept:991a5e3f2a5d,critically ill children,clinical_concept,setting:009f0c0461ec,PICU,care_setting,Observed in care setting,care_setting_context,5,0,,,
edge:a7e261600b19,concept:44861e186e12,KIM-1,clinical_concept,relation:1948b8a73d1c,Association,relation,Participates in relation,relation_context,5,0,,,
edge:a980b283d72d,concept:bdfb040fda35,Hydration,clinical_concept,setting:60f1e913db61,Not specified,care_setting,Observed in care setting,care_setting_context,5,0,,,
edge:aa0ba76ce48e,concept:faead1afc0f7,TyG index,clinical_concept,population:a0247bcb3f69,Non-neonatal pediatric,population,Observed in population,population_context,5,0,,,
edge:ab8afa5a2b40,concept:1b43259e3df5,28-day mortality,clinical_concept,relation:837276742aa9,Prediction,relation,Participates in relation,relation_context,5,0,,,
edge:abdf98247f40,concept:6670fd44fff1,neonatal AKI,clinical_concept,setting:a2ffebdb6db9,General inpatient,care_setting,Observed in care setting,care_setting_context,5,0,,,
edge:acba0581ea02,concept:41fb91f2e8ef,STARZ score,clinical_concept,setting:009f0c0461ec,PICU,care_setting,Observed in care setting,care_setting_context,5,0,,,
edge:ad94b7c6facb,concept:ae4b0d5b5d36,AKI prevention,clinical_concept,relation:ddafb963e8e5,Management or intervention,relation,Participates in relation,relation_context,5,0,,,
edge:af0c2f8a207d,concept:a67cfd9b7a0b,in-hospital mortality,clinical_concept,setting:a2ffebdb6db9,General inpatient,care_setting,Observed in care setting,care_setting_context,5,0,,,
edge:b04540472614,concept:739bd59fa509,Cystatin C,clinical_concept,relation:1948b8a73d1c,Association,relation,Participates in relation,relation_context,5,0,,,
edge:b05e94b75532,concept:72fabde7d614,pregnancy-associated acute kidney injury,clinical_concept,relation:1948b8a73d1c,Association,relation,Participates in relation,relation_context,5,0,,,
edge:b1453c378397,concept:1387a8a1e490,persistent severe AKI,clinical_concept,setting:04a3a8cdc90f,Cardiac surgery,care_setting,Observed in care setting,care_setting_context,5,0,,,
edge:b1e4f73d3014,concept:5f1b5d8e8f8c,SA-AKI,clinical_concept,relation:fdd437d370c4,Diagnosis or staging,relation,Participates in relation,relation_context,5,0,,,
edge:b65291446959,concept:9359273b50a4,SCD,clinical_concept,setting:a2ffebdb6db9,General inpatient,care_setting,Observed in care setting,care_setting_context,5,0,,,
edge:b725b78e6577,concept:41fb91f2e8ef,STARZ score,clinical_concept,population:a6dd3918708d,Neonatal,population,Observed in population,population_context,5,0,,,
edge:b815f703d278,concept:32a6eb16dd8b,AKI stages,clinical_concept,population:a0247bcb3f69,Non-neonatal pediatric,population,Observed in population,population_context,5,0,,,
edge:be5407d22446,concept:a66769ba9b18,crush syndrome,clinical_concept,setting:60f1e913db61,Not specified,care_setting,Observed in care setting,care_setting_context,5,0,,,
edge:c08416e7e7df,concept:3c16a3a8636f,hemodialysis,clinical_concept,population:a0247bcb3f69,Non-neonatal pediatric,population,Observed in population,population_context,5,0,,,
edge:c20c78091755,concept:eda314d57f7d,urinary NGAL,clinical_concept,setting:009f0c0461ec,PICU,care_setting,Observed in care setting,care_setting_context,5,0,,,
edge:c26fbf806d30,concept:517903c4e8fe,hypercalcemia,clinical_concept,setting:60f1e913db61,Not specified,care_setting,Observed in care setting,care_setting_context,5,0,,,
edge:c35269753caf,concept:5501c332f08d,hospital mortality,clinical_concept,population:a6dd3918708d,Neonatal,population,Observed in population,population_context,5,0,,,
edge:c58c4cddabf4,concept:0d9bd6b5d986,vancomycin plus piperacillin-tazobactam,clinical_concept,concept:3f02509e7e1a,Acute kidney injury,clinical_concept,Association,empirical_assertion,5,1,PMID:29088001,Explicitly non-pediatric,General inpatient;PICU
edge:cd0776505368,concept:ed411d3adc47,scrub typhus,clinical_concept,population:a0247bcb3f69,Non-neonatal pediatric,population,Observed in population,population_context,5,0,,,
edge:ce49d105928e,concept:0f3162046e6d,renal injury,clinical_concept,population:a6dd3918708d,Neonatal,population,Observed in population,population_context,5,0,,,
edge:d45aa999dfd9,concept:19fa52517804,kidney injury,clinical_concept,relation:1948b8a73d1c,Association,relation,Participates in relation,relation_context,5,0,,,
edge:d674a2637b37,concept:162e2710b32d,MAKE30,clinical_concept,population:a0247bcb3f69,Non-neonatal pediatric,population,Observed in population,population_context,5,0,,,
edge:d74021863dc5,concept:bc55f896955a,milrinone clearance,clinical_concept,relation:1948b8a73d1c,Association,relation,Participates in relation,relation_context,5,0,,,
edge:d98d965bbde8,concept:3ae2e469c093,underweight,clinical_concept,relation:1948b8a73d1c,Association,relation,Participates in relation,relation_context,5,0,,,
edge:dab6257368ba,concept:a718e71142a2,ACLF,clinical_concept,population:60f1e913db61,Not specified,population,Observed in population,population_context,5,0,,,
edge:db2ecfcc966b,concept:1387a8a1e490,persistent severe AKI,clinical_concept,population:a0247bcb3f69,Non-neonatal pediatric,population,Observed in population,population_context,5,0,,,
edge:dbc8537d54b4,concept:60c211760c7c,multiple organ dysfunction syndromes,clinical_concept,setting:009f0c0461ec,PICU,care_setting,Observed in care setting,care_setting_context,5,0,,,
edge:dbe7b292a38a,concept:1da5a27f88be,CA-AKI,clinical_concept,relation:1948b8a73d1c,Association,relation,Participates in relation,relation_context,5,0,,,
edge:ddf20470bf77,concept:e60a6cfa0bb4,fluid balance,clinical_concept,setting:60f1e913db61,Not specified,care_setting,Observed in care setting,care_setting_context,5,0,,,
edge:de3a418ad156,concept:5842cf7adf84,RAI,clinical_concept,population:a0247bcb3f69,Non-neonatal pediatric,population,Observed in population,population_context,5,0,,,
edge:de8c65f6b8ab,concept:a718e71142a2,ACLF,clinical_concept,setting:60f1e913db61,Not specified,care_setting,Observed in care setting,care_setting_context,5,0,,,
edge:e1955787a03c,concept:2061ae4227c6,contrast-induced acute kidney injury,clinical_concept,relation:a62d286204b7,Risk factor,relation,Participates in relation,relation_context,5,0,,,
edge:e1a2aa693f74,concept:9359273b50a4,SCD,clinical_concept,population:60f1e913db61,Not specified,population,Observed in population,population_context,5,0,,,
edge:e3102b05db17,concept:bacdca30ec80,new-onset acute kidney injury,clinical_concept,population:a0247bcb3f69,Non-neonatal pediatric,population,Observed in population,population_context,5,0,,,
edge:e5f03aaf292a,concept:16501326ecd5,CSA-AKI,clinical_concept,relation:fdd437d370c4,Diagnosis or staging,relation,Participates in relation,relation_context,5,0,,,
edge:e6ad30639e86,concept:be11a870acf0,7-year-old girl,clinical_concept,population:a0247bcb3f69,Non-neonatal pediatric,population,Observed in population,population_context,5,0,,,
edge:e7c776058b7b,concept:be11a870acf0,7-year-old girl,clinical_concept,setting:a2ffebdb6db9,General inpatient,care_setting,Observed in care setting,care_setting_context,5,0,,,
edge:e84483773120,concept:8206bbb079af,cardiorenal syndrome,clinical_concept,relation:1948b8a73d1c,Association,relation,Participates in relation,relation_context,5,0,,,
edge:e9e3839de0a7,concept:3b81417c9b72,SCLS,clinical_concept,population:a0247bcb3f69,Non-neonatal pediatric,population,Observed in population,population_context,5,0,,,
edge:ea0f8272b766,concept:60be39622d20,high-volume hemofiltration,clinical_concept,setting:186238cccd6f,Sepsis,care_setting,Observed in care setting,care_setting_context,5,0,,,
edge:eb23b762dfe7,concept:c4847974da78,nephrotoxicity,clinical_concept,population:a0247bcb3f69,Non-neonatal pediatric,population,Observed in population,population_context,5,0,,,
edge:eb6a6dbdc360,concept:060ec2f18df8,LCOS,clinical_concept,setting:04a3a8cdc90f,Cardiac surgery,care_setting,Observed in care setting,care_setting_context,5,0,,,
edge:ebeb6ce15bcc,concept:42b89a6b7380,vancomycin,clinical_concept,relation:a62d286204b7,Risk factor,relation,Participates in relation,relation_context,5,0,,,
edge:ed83eb54185b,concept:4f4a351f26a7,Fluid overload,clinical_concept,relation:1948b8a73d1c,Association,relation,Participates in relation,relation_context,5,0,,,
edge:f02638c3e6db,concept:1cd91b92b952,renal failure,clinical_concept,setting:60f1e913db61,Not specified,care_setting,Observed in care setting,care_setting_context,5,0,,,
edge:f25b1b4c6629,concept:3f02509e7e1a,Acute kidney injury,clinical_concept,concept:9462d97142c0,Chronic kidney disease,clinical_concept,Outcome,empirical_assertion,5,5,PMID:21996350;PMID:28303771;PMID:33024063;PMID:34846061;PMID:40426719,Neonatal;Non-neonatal pediatric;Not specified;Pediatric age unclear,General inpatient;Not specified;Oncology or transplant
edge:f28b941617dc,concept:4878d7fbf8e1,Postinfectious glomerulonephritis (PIGN),clinical_concept,setting:60f1e913db61,Not specified,care_setting,Observed in care setting,care_setting_context,5,0,,,
edge:f347c2ef3ef4,concept:b98555890ded,ApoA5,clinical_concept,population:a0247bcb3f69,Non-neonatal pediatric,population,Observed in population,population_context,5,0,,,
edge:f6793ebb6401,concept:e60a6cfa0bb4,fluid balance,clinical_concept,population:0fd3b2c23bfc,Pediatric age unclear,population,Observed in population,population_context,5,0,,,
edge:f97d0e040657,concept:60c211760c7c,multiple organ dysfunction syndromes,clinical_concept,population:a6dd3918708d,Neonatal,population,Observed in population,population_context,5,0,,,
edge:fa938f0f7afd,concept:186238cccd6f,Sepsis,clinical_concept,setting:60f1e913db61,Not specified,care_setting,Observed in care setting,care_setting_context,5,0,,,
edge:fca475cf3ff1,concept:7626d382c6f0,renal biopsy,clinical_concept,population:a0247bcb3f69,Non-neonatal pediatric,population,Observed in population,population_context,5,0,,,
edge:fca7bad97b18,concept:6df5cad550fc,poor outcomes,clinical_concept,relation:1948b8a73d1c,Association,relation,Participates in relation,relation_context,5,0,,,
edge:fd4c501e4a89,concept:da9923b574d7,patients with AKI,clinical_concept,setting:60f1e913db61,Not specified,care_setting,Observed in care setting,care_setting_context,5,0,,,
edge:fd9ad00e5032,concept:2afed6846cf8,intra-operative urine output,clinical_concept,setting:04a3a8cdc90f,Cardiac surgery,care_setting,Observed in care setting,care_setting_context,5,0,,,
edge:04e929dca777,concept:68ea491b092f,acute renal failure,clinical_concept,setting:a2ffebdb6db9,General inpatient,care_setting,Observed in care setting,care_setting_context,4,0,,,
edge:04f91053f193,concept:7b0261c11888,therapeutic hypothermia,clinical_concept,relation:1948b8a73d1c,Association,relation,Participates in relation,relation_context,4,0,,,
edge:056ba3e5141a,concept:b2c3a81e8092,neonatal acute kidney injury,clinical_concept,relation:1948b8a73d1c,Association,relation,Participates in relation,relation_context,4,0,,,
edge:06c345c9cca7,concept:83041302c0a8,infants,clinical_concept,setting:009f0c0461ec,PICU,care_setting,Observed in care setting,care_setting_context,4,0,,,
edge:0e01261b9f2f,concept:a67cfd9b7a0b,in-hospital mortality,clinical_concept,population:60f1e913db61,Not specified,population,Observed in population,population_context,4,0,,,
edge:10bf254ff2ea,concept:162a81bb5a59,CI-AKI,clinical_concept,population:f529ef2927eb,Explicitly non-pediatric,population,Observed in population,population_context,4,0,,,
edge:12d1acf37a02,concept:4a168b54caad,postoperative AKI,clinical_concept,setting:009f0c0461ec,PICU,care_setting,Observed in care setting,care_setting_context,4,0,,,
edge:1695a217f513,concept:29166f0942dc,fluid overload,clinical_concept,concept:fbfb66c84913,Mortality,clinical_concept,Association,empirical_assertion,4,2,PMID:33009098;PMID:34727245,Explicitly non-pediatric;Neonatal,PICU
edge:18f764f38043,concept:83c73b3f7837,chronic kidney disease (CKD),clinical_concept,relation:a62d286204b7,Risk factor,relation,Participates in relation,relation_context,4,0,,,
edge:1a484a0a7d5b,concept:2bb93c9ef7ee,logSII,clinical_concept,setting:a2ffebdb6db9,General inpatient,care_setting,Observed in care setting,care_setting_context,4,0,,,
edge:1bd94069be8e,concept:2afed6846cf8,intra-operative urine output,clinical_concept,population:a0247bcb3f69,Non-neonatal pediatric,population,Observed in population,population_context,4,0,,,
edge:1e4aca848f2f,concept:4c2bea2ab375,kidney function,clinical_concept,setting:60f1e913db61,Not specified,care_setting,Observed in care setting,care_setting_context,4,0,,,
edge:2490c5c03a63,concept:1cc152716766,severe AKI,clinical_concept,population:0fd3b2c23bfc,Pediatric age unclear,population,Observed in population,population_context,4,0,,,
edge:254b5647eef5,concept:8257a9cef2fe,ARC,clinical_concept,relation:1948b8a73d1c,Association,relation,Participates in relation,relation_context,4,0,,,
edge:289c7736352d,concept:7bd96b1fd2e3,cerebral edema,clinical_concept,relation:a62d286204b7,Risk factor,relation,Participates in relation,relation_context,4,0,,,
edge:28a3de72863d,concept:e51a81ac6eda,CAKUT,clinical_concept,relation:1948b8a73d1c,Association,relation,Participates in relation,relation_context,4,0,,,
edge:2c8ea7268de6,concept:e6bd2a03ca8f,preterm infants,clinical_concept,setting:009f0c0461ec,PICU,care_setting,Observed in care setting,care_setting_context,4,0,,,
edge:2de5ee056c5c,concept:03e5ee22cc19,HELLP syndrome,clinical_concept,relation:a62d286204b7,Risk factor,relation,Participates in relation,relation_context,4,0,,,
edge:2f35cd5bf4fd,concept:060ec2f18df8,LCOS,clinical_concept,relation:837276742aa9,Prediction,relation,Participates in relation,relation_context,4,0,,,
edge:2f422ceca663,concept:b253b8446dc6,cardiac surgery-associated acute kidney injury,clinical_concept,relation:837276742aa9,Prediction,relation,Participates in relation,relation_context,4,0,,,
edge:2fdcb4f948dc,concept:5dc56b9aab61,age,clinical_concept,setting:60f1e913db61,Not specified,care_setting,Observed in care setting,care_setting_context,4,0,,,
edge:316018f18d0f,concept:5dc56b9aab61,age,clinical_concept,relation:a62d286204b7,Risk factor,relation,Participates in relation,relation_context,4,0,,,
edge:32e1e75beacf,concept:3f02509e7e1a,Acute kidney injury,clinical_concept,concept:29166f0942dc,fluid overload,clinical_concept,Association,empirical_assertion,4,4,PMID:26707872;PMID:29750039;PMID:33967449;PMID:34727245,Neonatal;Non-neonatal pediatric;Not specified,Not specified;PICU
edge:3380707b3280,concept:5dc56b9aab61,age,clinical_concept,population:0fd3b2c23bfc,Pediatric age unclear,population,Observed in population,population_context,4,0,,,
edge:34c2eb88f857,concept:739bd59fa509,Cystatin C,clinical_concept,population:a0247bcb3f69,Non-neonatal pediatric,population,Observed in population,population_context,4,0,,,
edge:3a30deb11835,concept:1b43259e3df5,28-day mortality,clinical_concept,population:a0247bcb3f69,Non-neonatal pediatric,population,Observed in population,population_context,4,0,,,
edge:3d929d09e240,concept:b2a03bf05d09,She,clinical_concept,setting:60f1e913db61,Not specified,care_setting,Observed in care setting,care_setting_context,4,0,,,
edge:3fde9388e402,concept:044d4ce1cd53,gut microbiota,clinical_concept,relation:1948b8a73d1c,Association,relation,Participates in relation,relation_context,4,0,,,
edge:41bf64e4b0c4,concept:6a523a52b63c,Diabetic ketoacidosis,clinical_concept,setting:a2ffebdb6db9,General inpatient,care_setting,Observed in care setting,care_setting_context,4,0,,,
edge:43f1275256c0,concept:0150705d6583,Neonatal AKI,clinical_concept,relation:1948b8a73d1c,Association,relation,Participates in relation,relation_context,4,0,,,
edge:496a0551f69a,concept:162a81bb5a59,CI-AKI,clinical_concept,setting:009f0c0461ec,PICU,care_setting,Observed in care setting,care_setting_context,4,0,,,
edge:49737db58345,concept:40be4d85008a,incidence,clinical_concept,population:a0247bcb3f69,Non-neonatal pediatric,population,Observed in population,population_context,4,0,,,
edge:4a7e7ada3edd,concept:156be6eb85c9,HUS,clinical_concept,population:0fd3b2c23bfc,Pediatric age unclear,population,Observed in population,population_context,4,0,,,
edge:4b2b8e621639,concept:bb9e4feba6bc,prediction model,clinical_concept,relation:837276742aa9,Prediction,relation,Participates in relation,relation_context,4,0,,,
edge:4e399da285b4,concept:9359273b50a4,SCD,clinical_concept,relation:1948b8a73d1c,Association,relation,Participates in relation,relation_context,4,0,,,
edge:4ec97870d125,concept:c609acfda80b,cisplatin-induced AKI,clinical_concept,setting:60f1e913db61,Not specified,care_setting,Observed in care setting,care_setting_context,4,0,,,
edge:543fe812eac5,concept:42abe1123034,cidofovir,clinical_concept,population:60f1e913db61,Not specified,population,Observed in population,population_context,4,0,,,
edge:5784fa35e58c,concept:2e7fb04d9222,7-day-old female neonate,clinical_concept,setting:a2ffebdb6db9,General inpatient,care_setting,Observed in care setting,care_setting_context,4,0,,,
edge:57e34874d9db,concept:d9a6a20be620,HDMTX-induced AKI,clinical_concept,relation:a62d286204b7,Risk factor,relation,Participates in relation,relation_context,4,0,,,
edge:5a2223192d6d,concept:97538d771d18,uNGAL,clinical_concept,concept:3f02509e7e1a,Acute kidney injury,clinical_concept,Prediction,empirical_assertion,4,2,PMID:26484038;PMID:40025594,Neonatal;Not specified,General inpatient;Not specified
edge:5c67b15993e4,concept:41eb26b1adf2,pediatric AKI,clinical_concept,setting:60f1e913db61,Not specified,care_setting,Observed in care setting,care_setting_context,4,0,,,
edge:5f719ef37a7e,concept:c4ad51bd420d,TIMP-2*IGFBP-7,clinical_concept,setting:04a3a8cdc90f,Cardiac surgery,care_setting,Observed in care setting,care_setting_context,4,0,,,
edge:623890aa961a,concept:01db9c235376,creatinine,clinical_concept,setting:a2ffebdb6db9,General inpatient,care_setting,Observed in care setting,care_setting_context,4,0,,,
edge:625c867cf922,concept:c4847974da78,nephrotoxicity,clinical_concept,relation:1948b8a73d1c,Association,relation,Participates in relation,relation_context,4,0,,,
edge:62fb5b58c2db,concept:3f02509e7e1a,Acute kidney injury,clinical_concept,concept:3b43d6970eba,DKA,clinical_concept,Association,empirical_assertion,4,3,PMID:35927794;PMID:36227434;PMID:42260447,Non-neonatal pediatric,General inpatient;PICU
edge:643a8632d254,concept:3f02509e7e1a,Acute kidney injury,clinical_concept,concept:186238cccd6f,Sepsis,clinical_concept,Risk factor,empirical_assertion,4,4,PMID:25579718;PMID:26496454;PMID:28676510;PMID:32444514,Neonatal;Not specified,Not specified;PICU;Sepsis
edge:6523940387aa,concept:5c76a77d0978,indomethacin,clinical_concept,relation:1948b8a73d1c,Association,relation,Participates in relation,relation_context,4,0,,,
edge:65e88ffcb663,concept:44b04110b9cf,Sepsis-associated acute kidney injury,clinical_concept,population:a0247bcb3f69,Non-neonatal pediatric,population,Observed in population,population_context,4,0,,,
edge:66029df565ca,concept:877092f761a5,5-year-old male child,clinical_concept,relation:fdd437d370c4,Diagnosis or staging,relation,Participates in relation,relation_context,4,0,,,
edge:6781dcbae65b,concept:5cfdab25a2e6,renal angina index,clinical_concept,relation:837276742aa9,Prediction,relation,Participates in relation,relation_context,4,0,,,
edge:67bdeb04705a,concept:3f02509e7e1a,Acute kidney injury,clinical_concept,concept:5501c332f08d,hospital mortality,clinical_concept,Association,empirical_assertion,4,3,PMID:23179195;PMID:34413460;PMID:37489397,Neonatal;Non-neonatal pediatric,General inpatient;PICU
edge:6f597e5af23c,concept:68ea491b092f,acute renal failure,clinical_concept,population:60f1e913db61,Not specified,population,Observed in population,population_context,4,0,,,
edge:702e29119e90,concept:fe7cce6fba96,ECMO,clinical_concept,relation:1948b8a73d1c,Association,relation,Participates in relation,relation_context,4,0,,,
edge:7523a5812639,concept:c4ad51bd420d,TIMP-2*IGFBP-7,clinical_concept,population:a6dd3918708d,Neonatal,population,Observed in population,population_context,4,0,,,
edge:77973281381e,concept:44861e186e12,KIM-1,clinical_concept,setting:a2ffebdb6db9,General inpatient,care_setting,Observed in care setting,care_setting_context,4,0,,,
edge:77d8f820bd67,concept:4f4a351f26a7,Fluid overload,clinical_concept,population:a6dd3918708d,Neonatal,population,Observed in population,population_context,4,0,,,
edge:78ac4a319974,concept:5bf3592fe600,continuous renal replacement therapy (CRRT),clinical_concept,relation:ddafb963e8e5,Management or intervention,relation,Participates in relation,relation_context,4,0,,,
edge:7a990ade104b,concept:dd04daa49c1d,Baclofen,clinical_concept,population:a0247bcb3f69,Non-neonatal pediatric,population,Observed in population,population_context,4,0,,,
edge:7aa21a590018,concept:a5cc06456c35,NEC,clinical_concept,setting:a2ffebdb6db9,General inpatient,care_setting,Observed in care setting,care_setting_context,4,0,,,
edge:7e84a1b1299a,concept:5c76a77d0978,indomethacin,clinical_concept,setting:a2ffebdb6db9,General inpatient,care_setting,Observed in care setting,care_setting_context,4,0,,,
edge:7f2c75866fd9,concept:b57746353556,oliguria,clinical_concept,population:a6dd3918708d,Neonatal,population,Observed in population,population_context,4,0,,,
edge:80885fac8a39,concept:6a523a52b63c,Diabetic ketoacidosis,clinical_concept,setting:60f1e913db61,Not specified,care_setting,Observed in care setting,care_setting_context,4,0,,,
edge:81a524e16dd2,concept:3f02509e7e1a,Acute kidney injury,clinical_concept,concept:66db9e71f7f8,Continuous kidney replacement therapy,clinical_concept,Management or intervention,empirical_assertion,4,3,PMID:33967449;PMID:37975941;PMID:42465094,Non-neonatal pediatric,Kidney replacement therapy;Not specified;PICU
edge:823566b67635,concept:c42d80666e91,neutrophil gelatinase-associated lipocalin,clinical_concept,relation:1948b8a73d1c,Association,relation,Participates in relation,relation_context,4,0,,,
edge:8333e95a30c7,concept:5501c332f08d,hospital mortality,clinical_concept,population:a0247bcb3f69,Non-neonatal pediatric,population,Observed in population,population_context,4,0,,,
edge:897b5f70530f,concept:bf502fc059e3,CPB-AKI,clinical_concept,population:0fd3b2c23bfc,Pediatric age unclear,population,Observed in population,population_context,4,0,,,
edge:8dc47924c1f9,concept:2807f5d1984f,Cardiac surgery-associated acute kidney injury,clinical_concept,relation:1948b8a73d1c,Association,relation,Participates in relation,relation_context,4,0,,,
edge:8f806f292160,concept:162a81bb5a59,CI-AKI,clinical_concept,relation:d3f0610632bb,Outcome,relation,Participates in relation,relation_context,4,0,,,
edge:94f7d1d58062,concept:ae4b0d5b5d36,AKI prevention,clinical_concept,setting:04a3a8cdc90f,Cardiac surgery,care_setting,Observed in care setting,care_setting_context,4,0,,,
edge:999634e29bd2,concept:2061ae4227c6,contrast-induced acute kidney injury,clinical_concept,population:0fd3b2c23bfc,Pediatric age unclear,population,Observed in population,population_context,4,0,,,
edge:99d9d333c4d8,concept:2247e02f778d,Hypertension,clinical_concept,setting:a2ffebdb6db9,General inpatient,care_setting,Observed in care setting,care_setting_context,4,0,,,
edge:9b445b0802c9,concept:ed411d3adc47,scrub typhus,clinical_concept,setting:a2ffebdb6db9,General inpatient,care_setting,Observed in care setting,care_setting_context,4,0,,,
edge:9b534f09239c,concept:6a523a52b63c,Diabetic ketoacidosis,clinical_concept,concept:3f02509e7e1a,Acute kidney injury,clinical_concept,Association,empirical_assertion,4,4,PMID:32863643;PMID:33027293;PMID:36174588;PMID:36185097,Non-neonatal pediatric,General inpatient;Not specified
edge:9cb309ceeb9a,concept:ef0055aa3063,hypertension,clinical_concept,population:a6dd3918708d,Neonatal,population,Observed in population,population_context,4,0,,,
edge:9dbf2bdb7506,concept:529318bd11e6,Pregnancy-associated acute kidney injury,clinical_concept,relation:1948b8a73d1c,Association,relation,Participates in relation,relation_context,4,0,,,
edge:a3f4e09b3f68,concept:d232f8f1725a,Williams syndrome,clinical_concept,setting:60f1e913db61,Not specified,care_setting,Observed in care setting,care_setting_context,4,0,,,
edge:a6c96ffc693f,concept:d51947a9247d,pediatric patients,clinical_concept,population:a0247bcb3f69,Non-neonatal pediatric,population,Observed in population,population_context,4,0,,,
edge:a8b13198673c,concept:bfb0dc1e8fdf,AKI incidence,clinical_concept,population:a6dd3918708d,Neonatal,population,Observed in population,population_context,4,0,,,
edge:a90e5227aa94,concept:989fe9aa79c0,NGAL,clinical_concept,concept:3f02509e7e1a,Acute kidney injury,clinical_concept,Prediction,empirical_assertion,4,3,PMID:27906719;PMID:37051429;PMID:39736157,Neonatal;Non-neonatal pediatric;Not specified;Pediatric age unclear,Cardiac surgery;Not specified;Sepsis
edge:abd3f4b5072c,concept:faa0eb06e45f,MIS-C,clinical_concept,population:0fd3b2c23bfc,Pediatric age unclear,population,Observed in population,population_context,4,0,,,
edge:ad7eb847e8ac,concept:1b43259e3df5,28-day mortality,clinical_concept,population:60f1e913db61,Not specified,population,Observed in population,population_context,4,0,,,
edge:ad817b157de2,concept:1cc152716766,severe AKI,clinical_concept,relation:1948b8a73d1c,Association,relation,Participates in relation,relation_context,4,0,,,
edge:aed8bbb4b8f6,concept:966ac4713e4b,dialysis,clinical_concept,population:a0247bcb3f69,Non-neonatal pediatric,population,Observed in population,population_context,4,0,,,
edge:aeea9e7e3765,concept:01db9c235376,creatinine,clinical_concept,setting:04a3a8cdc90f,Cardiac surgery,care_setting,Observed in care setting,care_setting_context,4,0,,,
edge:af39dd515512,concept:42b89a6b7380,vancomycin,clinical_concept,setting:04a3a8cdc90f,Cardiac surgery,care_setting,Observed in care setting,care_setting_context,4,0,,,
edge:afecfa265d0c,concept:a67cfd9b7a0b,in-hospital mortality,clinical_concept,setting:60f1e913db61,Not specified,care_setting,Observed in care setting,care_setting_context,4,0,,,
edge:b12e0a86f921,concept:ef2a9264a999,7-year-old male,clinical_concept,relation:1948b8a73d1c,Association,relation,Participates in relation,relation_context,4,0,,,
edge:b263f56ec680,concept:16501326ecd5,CSA-AKI,clinical_concept,population:0fd3b2c23bfc,Pediatric age unclear,population,Observed in population,population_context,4,0,,,
edge:b47a52c72743,concept:5cfdab25a2e6,renal angina index,clinical_concept,population:a0247bcb3f69,Non-neonatal pediatric,population,Observed in population,population_context,4,0,,,
edge:b64ebb46840b,concept:ef0055aa3063,hypertension,clinical_concept,setting:60f1e913db61,Not specified,care_setting,Observed in care setting,care_setting_context,4,0,,,
edge:b6fbd33913ca,concept:3b81417c9b72,SCLS,clinical_concept,setting:009f0c0461ec,PICU,care_setting,Observed in care setting,care_setting_context,4,0,,,
edge:b711f946be5d,concept:06901dda33a5,HRS-AKI,clinical_concept,population:a0247bcb3f69,Non-neonatal pediatric,population,Observed in population,population_context,4,0,,,
edge:b757b1521faf,concept:f57480741ce5,NIRS,clinical_concept,population:a6dd3918708d,Neonatal,population,Observed in population,population_context,4,0,,,
edge:b9c7a5525aac,concept:97538d771d18,uNGAL,clinical_concept,concept:3f02509e7e1a,Acute kidney injury,clinical_concept,Diagnosis or staging,empirical_assertion,4,3,PMID:26484038;PMID:35384606;PMID:40025594,Neonatal;Not specified,Not specified
edge:b9fceaff50ec,concept:bc55f896955a,milrinone clearance,clinical_concept,setting:60f1e913db61,Not specified,care_setting,Observed in care setting,care_setting_context,4,0,,,
edge:bb3ae4c082ab,concept:6cab5ccce04f,early fluid overload,clinical_concept,concept:fbfb66c84913,Mortality,clinical_concept,Association,empirical_assertion,4,1,PMID:26206387,Non-neonatal pediatric,PICU
edge:bbee2ce160c3,concept:dd04daa49c1d,Baclofen,clinical_concept,relation:1948b8a73d1c,Association,relation,Participates in relation,relation_context,4,0,,,
edge:be77e5d1e407,concept:9d7e5b0836f2,adverse outcomes,clinical_concept,population:a0247bcb3f69,Non-neonatal pediatric,population,Observed in population,population_context,4,0,,,
edge:be87fcb74276,concept:968aa235c254,nAKI,clinical_concept,population:a6dd3918708d,Neonatal,population,Observed in population,population_context,4,0,,,
edge:beb7faef53da,concept:0a1913b09d78,aHUS,clinical_concept,setting:a2ffebdb6db9,General inpatient,care_setting,Observed in care setting,care_setting_context,4,0,,,
edge:c00130c36ee0,concept:be594bc0b9db,renal function,clinical_concept,relation:d3f0610632bb,Outcome,relation,Participates in relation,relation_context,4,0,,,
edge:c47d8724e6f5,concept:40be4d85008a,incidence,clinical_concept,relation:1948b8a73d1c,Association,relation,Participates in relation,relation_context,4,0,,,
edge:c5fbc3abd718,concept:e60a6cfa0bb4,fluid balance,clinical_concept,setting:009f0c0461ec,PICU,care_setting,Observed in care setting,care_setting_context,4,0,,,
edge:ccaa1517d5a9,concept:5d14ae600c8b,IL-18,clinical_concept,population:a0247bcb3f69,Non-neonatal pediatric,population,Observed in population,population_context,4,0,,,
edge:cff561d4e840,concept:a67cfd9b7a0b,in-hospital mortality,clinical_concept,relation:1948b8a73d1c,Association,relation,Participates in relation,relation_context,4,0,,,
edge:cffbad81f60d,concept:eda314d57f7d,urinary NGAL,clinical_concept,relation:1948b8a73d1c,Association,relation,Participates in relation,relation_context,4,0,,,
edge:d2bbb0200917,concept:5d14ae600c8b,IL-18,clinical_concept,setting:04a3a8cdc90f,Cardiac surgery,care_setting,Observed in care setting,care_setting_context,4,0,,,
edge:d85e5276d423,concept:a5e582c4947e,severe acute kidney injury,clinical_concept,setting:04a3a8cdc90f,Cardiac surgery,care_setting,Observed in care setting,care_setting_context,4,0,,,
edge:da6a32e8e495,concept:3c16a3a8636f,hemodialysis,clinical_concept,relation:ddafb963e8e5,Management or intervention,relation,Participates in relation,relation_context,4,0,,,
edge:dc975823912e,concept:b84169bad39c,L-FABP,clinical_concept,concept:3f02509e7e1a,Acute kidney injury,clinical_concept,Prediction,empirical_assertion,4,2,PMID:25797895;PMID:34499739,Non-neonatal pediatric;Not specified,Not specified
edge:de27c832b1e5,concept:3f02509e7e1a,Acute kidney injury,clinical_concept,concept:f7d635cfe882,morbidity and mortality,clinical_concept,Association,empirical_assertion,4,4,PMID:23010635;PMID:23689653;PMID:26294957;PMID:36044290,Not specified;Pediatric age unclear,General inpatient;Not specified;PICU
edge:df705aa86308,concept:c94bac1a8dbd,Carnitine palmitoyltransferase II (CPT2) deficiency,clinical_concept,relation:1948b8a73d1c,Association,relation,Participates in relation,relation_context,4,0,,,
edge:e6eb32c35921,concept:6b08052a6ab1,AKI stage 3,clinical_concept,setting:60f1e913db61,Not specified,care_setting,Observed in care setting,care_setting_context,4,0,,,
edge:e7dc0dad2421,concept:b84169bad39c,L-FABP,clinical_concept,relation:837276742aa9,Prediction,relation,Participates in relation,relation_context,4,0,,,
edge:ea1f57e2609e,concept:4878d7fbf8e1,Postinfectious glomerulonephritis (PIGN),clinical_concept,relation:d3f0610632bb,Outcome,relation,Participates in relation,relation_context,4,0,,,
edge:ef1374600625,concept:40be4d85008a,incidence,clinical_concept,setting:60f1e913db61,Not specified,care_setting,Observed in care setting,care_setting_context,4,0,,,
edge:f00cdc6fc0c1,concept:bc55f896955a,milrinone clearance,clinical_concept,population:0fd3b2c23bfc,Pediatric age unclear,population,Observed in population,population_context,4,0,,,
edge:f04d4b78f44f,concept:966ac4713e4b,dialysis,clinical_concept,relation:ddafb963e8e5,Management or intervention,relation,Participates in relation,relation_context,4,0,,,
edge:f2c91e1cebf1,concept:5dc56b9aab61,age,clinical_concept,population:a0247bcb3f69,Non-neonatal pediatric,population,Observed in population,population_context,4,0,,,
edge:f2d3924e9a33,concept:be594bc0b9db,renal function,clinical_concept,population:a6dd3918708d,Neonatal,population,Observed in population,population_context,4,0,,,
edge:f3014563c90b,concept:a63ddc4be1f1,pre-eclampsia,clinical_concept,setting:60f1e913db61,Not specified,care_setting,Observed in care setting,care_setting_context,4,0,,,
edge:f562d966b604,concept:19ac73a03254,end-stage renal disease,clinical_concept,setting:60f1e913db61,Not specified,care_setting,Observed in care setting,care_setting_context,4,0,,,
edge:f570e57a11e3,concept:a63ddc4be1f1,pre-eclampsia,clinical_concept,relation:a62d286204b7,Risk factor,relation,Participates in relation,relation_context,4,0,,,
edge:f5d198197818,concept:186238cccd6f,Sepsis,clinical_concept,concept:3f02509e7e1a,Acute kidney injury,clinical_concept,Association,empirical_assertion,4,4,PMID:25479470;PMID:25795496;PMID:26475099;PMID:35512003,Non-neonatal pediatric;Not specified,PICU;Sepsis
edge:f9ae1757dc9b,concept:faead1afc0f7,TyG index,clinical_concept,relation:1948b8a73d1c,Association,relation,Participates in relation,relation_context,4,0,,,
edge:fabdaff78f8f,concept:0d9bd6b5d986,vancomycin plus piperacillin-tazobactam,clinical_concept,setting:009f0c0461ec,PICU,care_setting,Observed in care setting,care_setting_context,4,0,,,
edge:ff90ef94a728,concept:44861e186e12,KIM-1,clinical_concept,relation:837276742aa9,Prediction,relation,Participates in relation,relation_context,4,0,,,
edge:fff68822915b,concept:5842cf7adf84,RAI,clinical_concept,population:0fd3b2c23bfc,Pediatric age unclear,population,Observed in population,population_context,4,0,,,
edge:0462adb9b5fe,concept:19fa52517804,kidney injury,clinical_concept,population:a0247bcb3f69,Non-neonatal pediatric,population,Observed in population,population_context,3,0,,,
edge:04cf24daf402,concept:bf502fc059e3,CPB-AKI,clinical_concept,relation:837276742aa9,Prediction,relation,Participates in relation,relation_context,3,0,,,
edge:0a0c65714c16,concept:6cab5ccce04f,early fluid overload,clinical_concept,concept:3f02509e7e1a,Acute kidney injury,clinical_concept,Association,empirical_assertion,3,1,PMID:26206387,Non-neonatal pediatric,PICU
edge:0ca328ea7e15,concept:821dea596ce1,postoperative acute kidney injury,clinical_concept,relation:837276742aa9,Prediction,relation,Participates in relation,relation_context,3,0,,,
edge:0d69d1295633,concept:ef0055aa3063,hypertension,clinical_concept,population:60f1e913db61,Not specified,population,Observed in population,population_context,3,0,,,
edge:0e46833ebd43,concept:eb6330a5cf69,Hemolytic uremic syndrome,clinical_concept,relation:ddafb963e8e5,Management or intervention,relation,Participates in relation,relation_context,3,0,,,
edge:0f631e6882b8,concept:9d7e5b0836f2,adverse outcomes,clinical_concept,relation:d3f0610632bb,Outcome,relation,Participates in relation,relation_context,3,0,,,
edge:105f3dffe294,concept:abb5d174afd9,MAKE-90,clinical_concept,setting:60f1e913db61,Not specified,care_setting,Observed in care setting,care_setting_context,3,0,,,
edge:11d61fd3075d,concept:0a25f29c0297,Sodium bicarbonate therapy,clinical_concept,concept:fbfb66c84913,Mortality,clinical_concept,Association,empirical_assertion,3,1,PMID:42158658,Non-neonatal pediatric,PICU
edge:14e858cc4ad4,concept:1c4c20aa95a2,polymyxin B,clinical_concept,setting:90eace7f13ff,Kidney replacement therapy,care_setting,Observed in care setting,care_setting_context,3,0,,,
edge:157214317cbd,concept:a66769ba9b18,crush syndrome,clinical_concept,population:60f1e913db61,Not specified,population,Observed in population,population_context,3,0,,,
edge:15bc213b94e8,concept:60be39622d20,high-volume hemofiltration,clinical_concept,relation:ddafb963e8e5,Management or intervention,relation,Participates in relation,relation_context,3,0,,,
edge:16480f50c797,concept:b253b8446dc6,cardiac surgery-associated acute kidney injury,clinical_concept,population:60f1e913db61,Not specified,population,Observed in population,population_context,3,0,,,
edge:187d8e4ed52d,concept:01db9c235376,creatinine,clinical_concept,population:a6dd3918708d,Neonatal,population,Observed in population,population_context,3,0,,,
edge:18d24903a3bf,concept:93b2335a2255,pNGAL,clinical_concept,setting:009f0c0461ec,PICU,care_setting,Observed in care setting,care_setting_context,3,0,,,
edge:1afaeb9ba705,concept:b2c3a81e8092,neonatal acute kidney injury,clinical_concept,setting:a2ffebdb6db9,General inpatient,care_setting,Observed in care setting,care_setting_context,3,0,,,
edge:1c64f70c5c2d,concept:6b08052a6ab1,AKI stage 3,clinical_concept,relation:fdd437d370c4,Diagnosis or staging,relation,Participates in relation,relation_context,3,0,,,
edge:1d5d5c2bb780,concept:a92c7db0d74e,pSAKI-2,clinical_concept,relation:1948b8a73d1c,Association,relation,Participates in relation,relation_context,3,0,,,
edge:1e21f4dc6fe7,concept:0a25f29c0297,Sodium bicarbonate therapy,clinical_concept,relation:d3f0610632bb,Outcome,relation,Participates in relation,relation_context,3,0,,,
edge:1ea9efde4367,concept:991a5e3f2a5d,critically ill children,clinical_concept,relation:a62d286204b7,Risk factor,relation,Participates in relation,relation_context,3,0,,,
edge:203dffb742d7,concept:fdd28da50824,RCA,clinical_concept,population:60f1e913db61,Not specified,population,Observed in population,population_context,3,0,,,
edge:216b3d42d29b,concept:ba0d8902976a,16-year-old Caucasian girl with well-controlled type 1 diabetes mellitus,clinical_concept,relation:1948b8a73d1c,Association,relation,Participates in relation,relation_context,3,0,,,
edge:25a6ca0d83ea,concept:83c73b3f7837,chronic kidney disease (CKD),clinical_concept,setting:a2ffebdb6db9,General inpatient,care_setting,Observed in care setting,care_setting_context,3,0,,,
edge:25d375ff4686,concept:bdc8e6790aae,gene,clinical_concept,population:a0247bcb3f69,Non-neonatal pediatric,population,Observed in population,population_context,3,0,,,
edge:2807d04e3631,concept:c4ad51bd420d,TIMP-2*IGFBP-7,clinical_concept,relation:837276742aa9,Prediction,relation,Participates in relation,relation_context,3,0,,,
edge:2942ca7967e7,concept:a67cfd9b7a0b,in-hospital mortality,clinical_concept,relation:837276742aa9,Prediction,relation,Participates in relation,relation_context,3,0,,,
edge:2ad9b0c55534,concept:d232f8f1725a,Williams syndrome,clinical_concept,population:0fd3b2c23bfc,Pediatric age unclear,population,Observed in population,population_context,3,0,,,
edge:2b5a35aeca9d,concept:e6bd2a03ca8f,preterm infants,clinical_concept,relation:a62d286204b7,Risk factor,relation,Participates in relation,relation_context,3,0,,,
edge:2c771b97542a,concept:6a523a52b63c,Diabetic ketoacidosis,clinical_concept,setting:009f0c0461ec,PICU,care_setting,Observed in care setting,care_setting_context,3,0,,,
edge:2f9ee3b8b233,concept:1c4c20aa95a2,polymyxin B,clinical_concept,relation:1948b8a73d1c,Association,relation,Participates in relation,relation_context,3,0,,,
edge:30c4418575dc,concept:bacdca30ec80,new-onset acute kidney injury,clinical_concept,setting:009f0c0461ec,PICU,care_setting,Observed in care setting,care_setting_context,3,0,,,
edge:3106c13c6b77,concept:f03ba404afb6,survival,clinical_concept,population:a0247bcb3f69,Non-neonatal pediatric,population,Observed in population,population_context,3,0,,,
edge:31fb6c3196e1,concept:7626d382c6f0,renal biopsy,clinical_concept,setting:a2ffebdb6db9,General inpatient,care_setting,Observed in care setting,care_setting_context,3,0,,,
edge:338dbdb75bfe,concept:7b0261c11888,therapeutic hypothermia,clinical_concept,population:a0247bcb3f69,Non-neonatal pediatric,population,Observed in population,population_context,3,0,,,
edge:353bc06869bb,concept:fe7cce6fba96,ECMO,clinical_concept,setting:60f1e913db61,Not specified,care_setting,Observed in care setting,care_setting_context,3,0,,,
edge:354788c72379,concept:1b43259e3df5,28-day mortality,clinical_concept,setting:186238cccd6f,Sepsis,care_setting,Observed in care setting,care_setting_context,3,0,,,
edge:35fb86923a05,concept:7626d382c6f0,renal biopsy,clinical_concept,relation:fdd437d370c4,Diagnosis or staging,relation,Participates in relation,relation_context,3,0,,,
edge:367bf87b1914,concept:5501c332f08d,hospital mortality,clinical_concept,relation:d3f0610632bb,Outcome,relation,Participates in relation,relation_context,3,0,,,
edge:3953b6acd761,concept:966ac4713e4b,dialysis,clinical_concept,relation:1948b8a73d1c,Association,relation,Participates in relation,relation_context,3,0,,,
edge:395d27ae9b26,concept:98c2443d3f14,cardiac surgery-associated acute kidney injury (CSA-AKI),clinical_concept,population:60f1e913db61,Not specified,population,Observed in population,population_context,3,0,,,
edge:3b1a714e3ebd,concept:2807f5d1984f,Cardiac surgery-associated acute kidney injury,clinical_concept,relation:d3f0610632bb,Outcome,relation,Participates in relation,relation_context,3,0,,,
edge:3cca4201b43e,concept:f03ba404afb6,survival,clinical_concept,relation:d3f0610632bb,Outcome,relation,Participates in relation,relation_context,3,0,,,
edge:3da13c145c60,concept:b2c3a81e8092,neonatal acute kidney injury,clinical_concept,setting:60f1e913db61,Not specified,care_setting,Observed in care setting,care_setting_context,3,0,,,
edge:402091fbbbfa,concept:1b43259e3df5,28-day mortality,clinical_concept,setting:009f0c0461ec,PICU,care_setting,Observed in care setting,care_setting_context,3,0,,,
edge:40f94e94f383,concept:41fb91f2e8ef,STARZ score,clinical_concept,concept:3f02509e7e1a,Acute kidney injury,clinical_concept,Prediction,empirical_assertion,3,1,PMID:35020061,Neonatal,PICU
edge:44911415d23b,concept:4ac15857ca1d,NSAIDs,clinical_concept,setting:60f1e913db61,Not specified,care_setting,Observed in care setting,care_setting_context,3,0,,,
edge:44df3ac740d8,concept:8845aaa4fe44,late AKI,clinical_concept,setting:60f1e913db61,Not specified,care_setting,Observed in care setting,care_setting_context,3,0,,,
edge:466ec3088c67,concept:162a81bb5a59,CI-AKI,clinical_concept,setting:04a3a8cdc90f,Cardiac surgery,care_setting,Observed in care setting,care_setting_context,3,0,,,
edge:492168519cc4,concept:0a6588f8aa37,CKRT,clinical_concept,setting:b4249bcbeb64,Oncology or transplant,care_setting,Observed in care setting,care_setting_context,3,0,,,
edge:4990f3c5ee5c,concept:0f3162046e6d,renal injury,clinical_concept,relation:a81434589757,Monitoring,relation,Participates in relation,relation_context,3,0,,,
edge:4a49da41ea4c,concept:dbe170b1ac75,KDIGO,clinical_concept,setting:009f0c0461ec,PICU,care_setting,Observed in care setting,care_setting_context,3,0,,,
edge:4cb3e0859b82,concept:bfb0dc1e8fdf,AKI incidence,clinical_concept,setting:60f1e913db61,Not specified,care_setting,Observed in care setting,care_setting_context,3,0,,,
edge:4f29a0df4ffe,concept:c4ad51bd420d,TIMP-2*IGFBP-7,clinical_concept,concept:3f02509e7e1a,Acute kidney injury,clinical_concept,Prediction,empirical_assertion,3,1,PMID:28382566,Neonatal,Cardiac surgery
edge:518b6a431e35,concept:2247e02f778d,Hypertension,clinical_concept,setting:60f1e913db61,Not specified,care_setting,Observed in care setting,care_setting_context,3,0,,,
edge:5722712acab8,concept:e6bd2a03ca8f,preterm infants,clinical_concept,setting:60f1e913db61,Not specified,care_setting,Observed in care setting,care_setting_context,3,0,,,
edge:59e24a16997e,concept:e5c826f41729,AKD,clinical_concept,relation:1948b8a73d1c,Association,relation,Participates in relation,relation_context,3,0,,,
edge:5a0f20bd0123,concept:44b04110b9cf,Sepsis-associated acute kidney injury,clinical_concept,population:60f1e913db61,Not specified,population,Observed in population,population_context,3,0,,,
edge:5a91f7f79fe8,concept:93b2335a2255,pNGAL,clinical_concept,relation:837276742aa9,Prediction,relation,Participates in relation,relation_context,3,0,,,
edge:5b2e0a630606,concept:c4ad51bd420d,TIMP-2*IGFBP-7,clinical_concept,setting:60f1e913db61,Not specified,care_setting,Observed in care setting,care_setting_context,3,0,,,
edge:5bf00090c95d,concept:41fb91f2e8ef,STARZ score,clinical_concept,relation:837276742aa9,Prediction,relation,Participates in relation,relation_context,3,0,,,
edge:5c8aa06574df,concept:44861e186e12,KIM-1,clinical_concept,population:a6dd3918708d,Neonatal,population,Observed in population,population_context,3,0,,,
edge:5dee9f10c5db,concept:bdfb040fda35,Hydration,clinical_concept,relation:ddafb963e8e5,Management or intervention,relation,Participates in relation,relation_context,3,0,,,
edge:5ef6344a286f,concept:ed411d3adc47,scrub typhus,clinical_concept,relation:1948b8a73d1c,Association,relation,Participates in relation,relation_context,3,0,,,
edge:5f5dc1efdd28,concept:b2a03bf05d09,She,clinical_concept,relation:ddafb963e8e5,Management or intervention,relation,Participates in relation,relation_context,3,0,,,
edge:5ffa1d8f41ff,concept:1cd91b92b952,renal failure,clinical_concept,population:a0247bcb3f69,Non-neonatal pediatric,population,Observed in population,population_context,3,0,,,
edge:6081fd1d2c18,concept:42b89a6b7380,vancomycin,clinical_concept,concept:3f02509e7e1a,Acute kidney injury,clinical_concept,Risk factor,empirical_assertion,3,3,PMID:32910553;PMID:33740042;PMID:38325652,Non-neonatal pediatric;Not specified;Pediatric age unclear,Not specified
edge:624a30227ab6,concept:e60a6cfa0bb4,fluid balance,clinical_concept,relation:1948b8a73d1c,Association,relation,Participates in relation,relation_context,3,0,,,
edge:62bea28cc1db,concept:da9923b574d7,patients with AKI,clinical_concept,setting:009f0c0461ec,PICU,care_setting,Observed in care setting,care_setting_context,3,0,,,
edge:62cfa351c43b,concept:f57480741ce5,NIRS,clinical_concept,relation:a81434589757,Monitoring,relation,Participates in relation,relation_context,3,0,,,
edge:63b920cfd19e,concept:4ac15857ca1d,NSAIDs,clinical_concept,population:a0247bcb3f69,Non-neonatal pediatric,population,Observed in population,population_context,3,0,,,
edge:6571727d2391,concept:1b67e14fca16,90-day mortality,clinical_concept,relation:837276742aa9,Prediction,relation,Participates in relation,relation_context,3,0,,,
edge:6630d7e92a92,concept:4276166e23d9,eGFR,clinical_concept,setting:a2ffebdb6db9,General inpatient,care_setting,Observed in care setting,care_setting_context,3,0,,,
edge:66691ca2f01e,concept:66db9e71f7f8,Continuous kidney replacement therapy,clinical_concept,concept:3f02509e7e1a,Acute kidney injury,clinical_concept,Management or intervention,empirical_assertion,3,3,PMID:34570725;PMID:37975941;PMID:39244221,Neonatal;Non-neonatal pediatric,Not specified;PICU
edge:674fa5b5b3f4,concept:4276166e23d9,eGFR,clinical_concept,setting:b4249bcbeb64,Oncology or transplant,care_setting,Observed in care setting,care_setting_context,3,0,,,
edge:675c276b887f,concept:7b0261c11888,therapeutic hypothermia,clinical_concept,setting:009f0c0461ec,PICU,care_setting,Observed in care setting,care_setting_context,3,0,,,
edge:69fc8d1d7c78,concept:ac5779b12a77,IVH,clinical_concept,relation:1948b8a73d1c,Association,relation,Participates in relation,relation_context,3,0,,,
edge:6a0f9666a45f,concept:1cd91b92b952,renal failure,clinical_concept,population:60f1e913db61,Not specified,population,Observed in population,population_context,3,0,,,
edge:6a395bf78d02,concept:b5b44b9e3ed5,mechanical ventilation,clinical_concept,population:a6dd3918708d,Neonatal,population,Observed in population,population_context,3,0,,,
edge:6a8268288bfa,concept:b98555890ded,ApoA5,clinical_concept,relation:1948b8a73d1c,Association,relation,Participates in relation,relation_context,3,0,,,
edge:6afaf36d22fd,concept:4ac15857ca1d,NSAIDs,clinical_concept,setting:a2ffebdb6db9,General inpatient,care_setting,Observed in care setting,care_setting_context,3,0,,,
edge:6bac741c4d12,concept:b57746353556,oliguria,clinical_concept,setting:60f1e913db61,Not specified,care_setting,Observed in care setting,care_setting_context,3,0,,,
edge:6be213f1cbb6,concept:968aa235c254,nAKI,clinical_concept,setting:a2ffebdb6db9,General inpatient,care_setting,Observed in care setting,care_setting_context,3,0,,,
edge:6d0e0290b9ba,concept:1b43259e3df5,28-day mortality,clinical_concept,setting:60f1e913db61,Not specified,care_setting,Observed in care setting,care_setting_context,3,0,,,
edge:6d8b48aa3350,concept:ebcb3fbb8865,eculizumab,clinical_concept,setting:60f1e913db61,Not specified,care_setting,Observed in care setting,care_setting_context,3,0,,,
edge:6dd14226de0e,concept:f03ba404afb6,survival,clinical_concept,setting:009f0c0461ec,PICU,care_setting,Observed in care setting,care_setting_context,3,0,,,
edge:6ea6d789a289,concept:da9923b574d7,patients with AKI,clinical_concept,population:0fd3b2c23bfc,Pediatric age unclear,population,Observed in population,population_context,3,0,,,
edge:7355802bb700,concept:41eb26b1adf2,pediatric AKI,clinical_concept,relation:1948b8a73d1c,Association,relation,Participates in relation,relation_context,3,0,,,
edge:73b76028b8c4,concept:bb9e4feba6bc,prediction model,clinical_concept,population:a0247bcb3f69,Non-neonatal pediatric,population,Observed in population,population_context,3,0,,,
edge:74d54fd6270c,concept:e5c826f41729,AKD,clinical_concept,setting:60f1e913db61,Not specified,care_setting,Observed in care setting,care_setting_context,3,0,,,
edge:775bfbc166f1,concept:3f02509e7e1a,Acute kidney injury,clinical_concept,concept:6b08052a6ab1,AKI stage 3,clinical_concept,Diagnosis or staging,empirical_assertion,3,3,PMID:23548002;PMID:33847911;PMID:41517599,Non-neonatal pediatric;Not specified;Pediatric age unclear,Not specified
edge:78dde90bc1af,concept:1b67e14fca16,90-day mortality,clinical_concept,population:60f1e913db61,Not specified,population,Observed in population,population_context,3,0,,,
edge:7a048caaee44,concept:d10b7b3c40cc,NORAD,clinical_concept,relation:1948b8a73d1c,Association,relation,Participates in relation,relation_context,3,0,,,
edge:7c93bc2ebf9d,concept:517903c4e8fe,hypercalcemia,clinical_concept,relation:ddafb963e8e5,Management or intervention,relation,Participates in relation,relation_context,3,0,,,
edge:7cff8beb1b40,concept:2afed6846cf8,intra-operative urine output,clinical_concept,relation:1948b8a73d1c,Association,relation,Participates in relation,relation_context,3,0,,,
edge:7d61ac024ddc,concept:8845aaa4fe44,late AKI,clinical_concept,population:a6dd3918708d,Neonatal,population,Observed in population,population_context,3,0,,,
edge:7e8926c08806,concept:5bf3592fe600,continuous renal replacement therapy (CRRT),clinical_concept,setting:009f0c0461ec,PICU,care_setting,Observed in care setting,care_setting_context,3,0,,,
edge:7fa8f3d59d18,concept:f2ffec6282bf,mortality rate,clinical_concept,relation:1948b8a73d1c,Association,relation,Participates in relation,relation_context,3,0,,,
edge:81a80c2e7833,concept:19ac73a03254,end-stage renal disease,clinical_concept,population:a0247bcb3f69,Non-neonatal pediatric,population,Observed in population,population_context,3,0,,,
edge:82d382579a4d,concept:517903c4e8fe,hypercalcemia,clinical_concept,population:a0247bcb3f69,Non-neonatal pediatric,population,Observed in population,population_context,3,0,,,
edge:843bb25ed51f,concept:4c2bea2ab375,kidney function,clinical_concept,population:a6dd3918708d,Neonatal,population,Observed in population,population_context,3,0,,,
edge:85ae78221474,concept:c25c6507b288,Renal resistive index,clinical_concept,relation:1948b8a73d1c,Association,relation,Participates in relation,relation_context,3,0,,,
edge:87223efdcf04,concept:3f02509e7e1a,Acute kidney injury,clinical_concept,concept:ac5779b12a77,IVH,clinical_concept,Association,empirical_assertion,3,1,PMID:31461717,Neonatal,General inpatient
edge:89cca43af983,concept:3f02509e7e1a,Acute kidney injury,clinical_concept,concept:ed411d3adc47,scrub typhus,clinical_concept,Association,empirical_assertion,3,3,PMID:25586311;PMID:34595519;PMID:41968754,Non-neonatal pediatric,General inpatient;Not specified
edge:8a347acad4e8,concept:1b67e14fca16,90-day mortality,clinical_concept,population:a0247bcb3f69,Non-neonatal pediatric,population,Observed in population,population_context,3,0,,,
edge:8a69b2db191b,concept:0f3162046e6d,renal injury,clinical_concept,relation:ddafb963e8e5,Management or intervention,relation,Participates in relation,relation_context,3,0,,,
edge:8a79b383bff1,concept:0a6588f8aa37,CKRT,clinical_concept,population:a6dd3918708d,Neonatal,population,Observed in population,population_context,3,0,,,
edge:8c778fa86912,concept:ba0d8902976a,16-year-old Caucasian girl with well-controlled type 1 diabetes mellitus,clinical_concept,concept:3f02509e7e1a,Acute kidney injury,clinical_concept,Association,empirical_assertion,3,1,PMID:41994740,Non-neonatal pediatric,General inpatient
edge:8e98330a13e2,concept:d232f8f1725a,Williams syndrome,clinical_concept,relation:1948b8a73d1c,Association,relation,Participates in relation,relation_context,3,0,,,
edge:8ff6bcbae36d,concept:70f8fa37cd95,CARPEDIEM,clinical_concept,setting:60f1e913db61,Not specified,care_setting,Observed in care setting,care_setting_context,3,0,,,
edge:91a668edf746,concept:cfed5392e86b,Rhabdomyolysis,clinical_concept,population:60f1e913db61,Not specified,population,Observed in population,population_context,3,0,,,
edge:926360b91dbf,concept:bacdca30ec80,new-onset acute kidney injury,clinical_concept,relation:1948b8a73d1c,Association,relation,Participates in relation,relation_context,3,0,,,
edge:9325a7628d08,concept:60c211760c7c,multiple organ dysfunction syndromes,clinical_concept,relation:1948b8a73d1c,Association,relation,Participates in relation,relation_context,3,0,,,
edge:93e68f9ad82a,concept:b98555890ded,ApoA5,clinical_concept,setting:009f0c0461ec,PICU,care_setting,Observed in care setting,care_setting_context,3,0,,,
edge:943547421dec,concept:f57480741ce5,NIRS,clinical_concept,setting:009f0c0461ec,PICU,care_setting,Observed in care setting,care_setting_context,3,0,,,
edge:968d14fc14b7,concept:0d9bd6b5d986,vancomycin plus piperacillin-tazobactam,clinical_concept,setting:a2ffebdb6db9,General inpatient,care_setting,Observed in care setting,care_setting_context,3,0,,,
edge:9804a1149a11,concept:f7d635cfe882,morbidity and mortality,clinical_concept,population:60f1e913db61,Not specified,population,Observed in population,population_context,3,0,,,
edge:9a634c28c3b1,concept:93b2335a2255,pNGAL,clinical_concept,population:a0247bcb3f69,Non-neonatal pediatric,population,Observed in population,population_context,3,0,,,
edge:9bdd103d69e7,concept:dbe170b1ac75,KDIGO,clinical_concept,relation:fdd437d370c4,Diagnosis or staging,relation,Participates in relation,relation_context,3,0,,,
edge:9be177c17fa1,concept:968aa235c254,nAKI,clinical_concept,relation:1948b8a73d1c,Association,relation,Participates in relation,relation_context,3,0,,,
edge:9cbbd2caa2d6,concept:4c2bea2ab375,kidney function,clinical_concept,population:a0247bcb3f69,Non-neonatal pediatric,population,Observed in population,population_context,3,0,,,
edge:9d7e5f5c56a5,concept:c94bac1a8dbd,Carnitine palmitoyltransferase II (CPT2) deficiency,clinical_concept,population:60f1e913db61,Not specified,population,Observed in population,population_context,3,0,,,
edge:9ede29dae704,concept:2247e02f778d,Hypertension,clinical_concept,population:60f1e913db61,Not specified,population,Observed in population,population_context,3,0,,,
edge:9edeafd832e5,concept:511d9f099a20,Neutrophil gelatinase-associated lipocalin,clinical_concept,population:60f1e913db61,Not specified,population,Observed in population,population_context,3,0,,,
edge:a0c1727568c9,concept:0a25f29c0297,Sodium bicarbonate therapy,clinical_concept,relation:1948b8a73d1c,Association,relation,Participates in relation,relation_context,3,0,,,
edge:a38f9e1412e4,concept:1da5a27f88be,CA-AKI,clinical_concept,relation:d3f0610632bb,Outcome,relation,Participates in relation,relation_context,3,0,,,
edge:a43aef1978ec,concept:2bb93c9ef7ee,logSII,clinical_concept,relation:a62d286204b7,Risk factor,relation,Participates in relation,relation_context,3,0,,,
edge:a4ab61928c5f,concept:4ac15857ca1d,NSAIDs,clinical_concept,relation:1948b8a73d1c,Association,relation,Participates in relation,relation_context,3,0,,,
edge:a5729728849c,concept:156be6eb85c9,HUS,clinical_concept,relation:fdd437d370c4,Diagnosis or staging,relation,Participates in relation,relation_context,3,0,,,
edge:a69bacc759c7,concept:821dea596ce1,postoperative acute kidney injury,clinical_concept,population:a0247bcb3f69,Non-neonatal pediatric,population,Observed in population,population_context,3,0,,,
edge:a82d1b60d8b9,concept:0b6baed8ee51,neonates,clinical_concept,concept:3f02509e7e1a,Acute kidney injury,clinical_concept,Risk factor,empirical_assertion,3,3,PMID:34012029;PMID:38078317;PMID:40396812,Neonatal,Cardiac surgery;General inpatient;Not specified
edge:a88d606f143a,concept:42b89a6b7380,vancomycin,clinical_concept,population:60f1e913db61,Not specified,population,Observed in population,population_context,3,0,,,
edge:a8d29db553a2,concept:da9923b574d7,patients with AKI,clinical_concept,population:a6dd3918708d,Neonatal,population,Observed in population,population_context,3,0,,,
edge:aa33adcbc925,concept:5c76a77d0978,indomethacin,clinical_concept,setting:60f1e913db61,Not specified,care_setting,Observed in care setting,care_setting_context,3,0,,,
edge:aac6dff2eb45,concept:fe7cce6fba96,ECMO,clinical_concept,population:a0247bcb3f69,Non-neonatal pediatric,population,Observed in population,population_context,3,0,,,
edge:ab3a38738945,concept:0a6588f8aa37,CKRT,clinical_concept,setting:90eace7f13ff,Kidney replacement therapy,care_setting,Observed in care setting,care_setting_context,3,0,,,
edge:ad145bd413c8,concept:5cfdab25a2e6,renal angina index,clinical_concept,concept:a5e582c4947e,severe acute kidney injury,clinical_concept,Prediction,empirical_assertion,3,1,PMID:37724565,Non-neonatal pediatric;Pediatric age unclear,Not specified;PICU
edge:b2c40276f132,concept:c94bac1a8dbd,Carnitine palmitoyltransferase II (CPT2) deficiency,clinical_concept,population:a0247bcb3f69,Non-neonatal pediatric,population,Observed in population,population_context,3,0,,,
edge:b682c26f75e8,concept:3f02509e7e1a,Acute kidney injury,clinical_concept,concept:daa4e10d4f1f,Peritoneal dialysis,clinical_concept,Association,empirical_assertion,3,3,PMID:30148722;PMID:37417188;PMID:38797161,Neonatal;Non-neonatal pediatric;Not specified,Kidney replacement therapy;Not specified;PICU
edge:b7cb470f6a08,concept:ef0055aa3063,hypertension,clinical_concept,setting:04a3a8cdc90f,Cardiac surgery,care_setting,Observed in care setting,care_setting_context,3,0,,,
edge:b97a701fd6fb,concept:044d4ce1cd53,gut microbiota,clinical_concept,population:a6dd3918708d,Neonatal,population,Observed in population,population_context,3,0,,,
edge:b98299d3802c,concept:1cd91b92b952,renal failure,clinical_concept,relation:1948b8a73d1c,Association,relation,Participates in relation,relation_context,3,0,,,
edge:b988bc58d158,concept:ef0055aa3063,hypertension,clinical_concept,relation:1948b8a73d1c,Association,relation,Participates in relation,relation_context,3,0,,,
edge:ba1134a12feb,concept:41eb26b1adf2,pediatric AKI,clinical_concept,population:0fd3b2c23bfc,Pediatric age unclear,population,Observed in population,population_context,3,0,,,
edge:bed6f37503cd,concept:2bb93c9ef7ee,logSII,clinical_concept,concept:3f02509e7e1a,Acute kidney injury,clinical_concept,Risk factor,empirical_assertion,3,1,PMID:42592102,Neonatal,General inpatient
edge:bf7a227e0e62,concept:1b43259e3df5,28-day mortality,clinical_concept,relation:a62d286204b7,Risk factor,relation,Participates in relation,relation_context,3,0,,,
edge:c02234e5adba,concept:3f02509e7e1a,Acute kidney injury,clinical_concept,concept:90eace7f13ff,Kidney replacement therapy,clinical_concept,Association,empirical_assertion,3,3,PMID:25237156;PMID:31201551;PMID:32432059,Non-neonatal pediatric;Not specified;Pediatric age unclear,Kidney replacement therapy
edge:c0aebd6c86e4,concept:0b6baed8ee51,neonates,clinical_concept,setting:a2ffebdb6db9,General inpatient,care_setting,Observed in care setting,care_setting_context,3,0,,,
edge:c120aa3ecda8,concept:f7d635cfe882,morbidity and mortality,clinical_concept,setting:009f0c0461ec,PICU,care_setting,Observed in care setting,care_setting_context,3,0,,,
edge:c3eecd7967e2,concept:511d9f099a20,Neutrophil gelatinase-associated lipocalin,clinical_concept,concept:b253b8446dc6,cardiac surgery-associated acute kidney injury,clinical_concept,Prediction,empirical_assertion,3,1,PMID:26094017,Neonatal;Not specified,Cardiac surgery
edge:c5b101d097ef,concept:3ae2e469c093,underweight,clinical_concept,setting:a2ffebdb6db9,General inpatient,care_setting,Observed in care setting,care_setting_context,3,0,,,
edge:c6e4a08a03cf,concept:da9923b574d7,patients with AKI,clinical_concept,relation:ddafb963e8e5,Management or intervention,relation,Participates in relation,relation_context,3,0,,,
edge:ccbe9c4accfb,concept:daa4e10d4f1f,Peritoneal dialysis,clinical_concept,concept:3f02509e7e1a,Acute kidney injury,clinical_concept,Association,empirical_assertion,3,3,PMID:29714433;PMID:34875938;PMID:42080947,Neonatal;Pediatric age unclear,Kidney replacement therapy;Not specified
edge:ccd26676af59,concept:97538d771d18,uNGAL,clinical_concept,setting:a2ffebdb6db9,General inpatient,care_setting,Observed in care setting,care_setting_context,3,0,,,
edge:cec5a55a004a,concept:966ac4713e4b,dialysis,clinical_concept,population:60f1e913db61,Not specified,population,Observed in population,population_context,3,0,,,
edge:d078ecdd036f,concept:310856e3f537,Pregnancy-related acute kidney injury (PRAKI),clinical_concept,relation:d3f0610632bb,Outcome,relation,Participates in relation,relation_context,3,0,,,
edge:d0e4e4b15e85,concept:1728f2b1c5c0,aRAI,clinical_concept,concept:3f02509e7e1a,Acute kidney injury,clinical_concept,Prediction,empirical_assertion,3,1,PMID:35076354,Non-neonatal pediatric,General inpatient
edge:d311608e5ab3,concept:32a6eb16dd8b,AKI stages,clinical_concept,relation:1948b8a73d1c,Association,relation,Participates in relation,relation_context,3,0,,,
edge:d46b62d01e89,concept:b84169bad39c,L-FABP,clinical_concept,population:60f1e913db61,Not specified,population,Observed in population,population_context,3,0,,,
edge:d5afecd89497,concept:06901dda33a5,HRS-AKI,clinical_concept,relation:ddafb963e8e5,Management or intervention,relation,Participates in relation,relation_context,3,0,,,
edge:d65ce04904a4,concept:42abe1123034,cidofovir,clinical_concept,relation:1948b8a73d1c,Association,relation,Participates in relation,relation_context,3,0,,,
edge:d6b3611193d0,concept:faead1afc0f7,TyG index,clinical_concept,concept:3f02509e7e1a,Acute kidney injury,clinical_concept,Association,empirical_assertion,3,1,PMID:41079204,Non-neonatal pediatric,PICU
edge:d82cd974ae09,concept:87e1d940cf2f,biomarkers,clinical_concept,relation:837276742aa9,Prediction,relation,Participates in relation,relation_context,3,0,,,
edge:d975cf3409e7,concept:41eb26b1adf2,pediatric AKI,clinical_concept,population:a0247bcb3f69,Non-neonatal pediatric,population,Observed in population,population_context,3,0,,,
edge:d9a6fa5ee93c,concept:4c2bea2ab375,kidney function,clinical_concept,relation:a81434589757,Monitoring,relation,Participates in relation,relation_context,3,0,,,
edge:da3f0daf615b,concept:c4ad51bd420d,TIMP-2*IGFBP-7,clinical_concept,population:a0247bcb3f69,Non-neonatal pediatric,population,Observed in population,population_context,3,0,,,
edge:db7cdb027264,concept:966ac4713e4b,dialysis,clinical_concept,population:0fd3b2c23bfc,Pediatric age unclear,population,Observed in population,population_context,3,0,,,
edge:dd71e25f743b,concept:dbe170b1ac75,KDIGO,clinical_concept,population:a0247bcb3f69,Non-neonatal pediatric,population,Observed in population,population_context,3,0,,,
edge:df8a62d6630e,concept:cfed5392e86b,Rhabdomyolysis,clinical_concept,concept:3f02509e7e1a,Acute kidney injury,clinical_concept,Association,empirical_assertion,3,3,PMID:26512883;PMID:36291377;PMID:39263171,Explicitly non-pediatric;Not specified,Not specified
edge:dfee96ebbe50,concept:d10b7b3c40cc,NORAD,clinical_concept,population:a0247bcb3f69,Non-neonatal pediatric,population,Observed in population,population_context,3,0,,,
edge:e015f42ed368,concept:44861e186e12,KIM-1,clinical_concept,concept:3f02509e7e1a,Acute kidney injury,clinical_concept,Prediction,empirical_assertion,3,2,PMID:32309808;PMID:34547334,Neonatal;Pediatric age unclear,General inpatient;Not specified
edge:e0b597dbd044,concept:a3c5d408908c,KDIGO criteria,clinical_concept,population:60f1e913db61,Not specified,population,Observed in population,population_context,3,0,,,
edge:e1becfda279d,concept:3f02509e7e1a,Acute kidney injury,clinical_concept,concept:90eace7f13ff,Kidney replacement therapy,clinical_concept,Outcome,empirical_assertion,3,3,PMID:33874981;PMID:39115452;PMID:42199841,Explicitly non-pediatric;Not specified;Pediatric age unclear,Kidney replacement therapy;Not specified
edge:e3c172d55281,concept:a3c5d408908c,KDIGO criteria,clinical_concept,setting:a2ffebdb6db9,General inpatient,care_setting,Observed in care setting,care_setting_context,3,0,,,
edge:e64b55d0b72a,concept:1c4c20aa95a2,polymyxin B,clinical_concept,setting:009f0c0461ec,PICU,care_setting,Observed in care setting,care_setting_context,3,0,,,
edge:ea0accd5d86c,concept:be11a870acf0,7-year-old girl,clinical_concept,relation:fdd437d370c4,Diagnosis or staging,relation,Participates in relation,relation_context,3,0,,,
edge:eb624136a267,concept:4694eebe5ff3,DMSA renal scan,clinical_concept,relation:a81434589757,Monitoring,relation,Participates in relation,relation_context,3,0,,,
edge:ec698427bc21,concept:d10b7b3c40cc,NORAD,clinical_concept,setting:186238cccd6f,Sepsis,care_setting,Observed in care setting,care_setting_context,3,0,,,
edge:ecc7f1a54514,concept:a3c5d408908c,KDIGO criteria,clinical_concept,relation:fdd437d370c4,Diagnosis or staging,relation,Participates in relation,relation_context,3,0,,,
edge:ed558546c3b4,concept:32a6eb16dd8b,AKI stages,clinical_concept,setting:60f1e913db61,Not specified,care_setting,Observed in care setting,care_setting_context,3,0,,,
edge:eee9d3c8cb49,concept:222e14394aeb,rhabdomyolysis,clinical_concept,relation:ddafb963e8e5,Management or intervention,relation,Participates in relation,relation_context,3,0,,,
edge:ef840d31b28d,concept:19ac73a03254,end-stage renal disease,clinical_concept,relation:1948b8a73d1c,Association,relation,Participates in relation,relation_context,3,0,,,
edge:efa7a8f24ae2,concept:19fa52517804,kidney injury,clinical_concept,setting:60f1e913db61,Not specified,care_setting,Observed in care setting,care_setting_context,3,0,,,
edge:f04724d72668,concept:87e1d940cf2f,biomarkers,clinical_concept,setting:60f1e913db61,Not specified,care_setting,Observed in care setting,care_setting_context,3,0,,,
edge:f11ea9ef8102,concept:70f8fa37cd95,CARPEDIEM,clinical_concept,relation:ddafb963e8e5,Management or intervention,relation,Participates in relation,relation_context,3,0,,,
edge:f3608a463ba1,concept:0a1913b09d78,aHUS,clinical_concept,relation:fdd437d370c4,Diagnosis or staging,relation,Participates in relation,relation_context,3,0,,,
edge:f372260836f7,concept:a5e582c4947e,severe acute kidney injury,clinical_concept,population:a6dd3918708d,Neonatal,population,Observed in population,population_context,3,0,,,
edge:f380a6ff041c,concept:511d9f099a20,Neutrophil gelatinase-associated lipocalin,clinical_concept,relation:837276742aa9,Prediction,relation,Participates in relation,relation_context,3,0,,,
edge:f6d1e7ba1d39,concept:1b67e14fca16,90-day mortality,clinical_concept,setting:a2ffebdb6db9,General inpatient,care_setting,Observed in care setting,care_setting_context,3,0,,,
edge:f88aeb7bdb4a,concept:968aa235c254,nAKI,clinical_concept,setting:60f1e913db61,Not specified,care_setting,Observed in care setting,care_setting_context,3,0,,,
edge:f8dcc973054a,concept:7a4eb8dff375,infant,clinical_concept,relation:fdd437d370c4,Diagnosis or staging,relation,Participates in relation,relation_context,3,0,,,
edge:fc14b816e847,concept:fdd28da50824,RCA,clinical_concept,population:0fd3b2c23bfc,Pediatric age unclear,population,Observed in population,population_context,3,0,,,
edge:fde38a17edf5,concept:162e2710b32d,MAKE30,clinical_concept,setting:a2ffebdb6db9,General inpatient,care_setting,Observed in care setting,care_setting_context,3,0,,,
edge:fe54122a502d,concept:da9923b574d7,patients with AKI,clinical_concept,relation:d3f0610632bb,Outcome,relation,Participates in relation,relation_context,3,0,,,
edge:02a267a13d33,concept:b5b44b9e3ed5,mechanical ventilation,clinical_concept,relation:1948b8a73d1c,Association,relation,Participates in relation,relation_context,2,0,,,
edge:02a86817f5be,concept:222e14394aeb,rhabdomyolysis,clinical_concept,population:60f1e913db61,Not specified,population,Observed in population,population_context,2,0,,,
edge:03f483d08023,concept:1387a8a1e490,persistent severe AKI,clinical_concept,relation:a62d286204b7,Risk factor,relation,Participates in relation,relation_context,2,0,,,
edge:0555b34d0634,concept:6b08052a6ab1,AKI stage 3,clinical_concept,relation:1948b8a73d1c,Association,relation,Participates in relation,relation_context,2,0,,,
edge:06524d7d9a40,concept:fe7cce6fba96,ECMO,clinical_concept,population:a6dd3918708d,Neonatal,population,Observed in population,population_context,2,0,,,
edge:07a3d1a28240,concept:4f4a351f26a7,Fluid overload,clinical_concept,setting:009f0c0461ec,PICU,care_setting,Observed in care setting,care_setting_context,2,0,,,
edge:086343d8e8a0,concept:fe7cce6fba96,ECMO,clinical_concept,setting:a2ffebdb6db9,General inpatient,care_setting,Observed in care setting,care_setting_context,2,0,,,
edge:09ccd1496dae,concept:156be6eb85c9,HUS,clinical_concept,population:a6dd3918708d,Neonatal,population,Observed in population,population_context,2,0,,,
edge:0aeb4e5fa3c7,concept:fdd28da50824,RCA,clinical_concept,population:a0247bcb3f69,Non-neonatal pediatric,population,Observed in population,population_context,2,0,,,
edge:0b0ffe816da3,concept:3f02509e7e1a,Acute kidney injury,clinical_concept,concept:9d7e5b0836f2,adverse outcomes,clinical_concept,Outcome,empirical_assertion,2,2,PMID:23801998;PMID:35734207,Neonatal;Non-neonatal pediatric,Cardiac surgery;General inpatient
edge:0b90d5075591,concept:abb5d174afd9,MAKE-90,clinical_concept,relation:a62d286204b7,Risk factor,relation,Participates in relation,relation_context,2,0,,,
edge:0cba59fe2345,concept:b98555890ded,ApoA5,clinical_concept,concept:3f02509e7e1a,Acute kidney injury,clinical_concept,Association,empirical_assertion,2,1,PMID:32322166,Non-neonatal pediatric,PICU;Sepsis
edge:0cd073ac6885,concept:d56990b2d044,uKIM-1/cr,clinical_concept,concept:3f02509e7e1a,Acute kidney injury,clinical_concept,Diagnosis or staging,empirical_assertion,2,1,PMID:32828685,Neonatal,Sepsis
edge:0d155cc0be8d,concept:4ac15857ca1d,NSAIDs,clinical_concept,relation:a62d286204b7,Risk factor,relation,Participates in relation,relation_context,2,0,,,
edge:0d229dd2430e,concept:c42d80666e91,neutrophil gelatinase-associated lipocalin,clinical_concept,concept:3f02509e7e1a,Acute kidney injury,clinical_concept,Association,empirical_assertion,2,1,PMID:28889829,Neonatal,Cardiac surgery
edge:1131ac5031c6,concept:3f02509e7e1a,Acute kidney injury,clinical_concept,concept:222e14394aeb,rhabdomyolysis,clinical_concept,Association,empirical_assertion,2,2,PMID:29540648;PMID:32932331,Non-neonatal pediatric,Not specified
edge:11336f2c1639,concept:e60a6cfa0bb4,fluid balance,clinical_concept,relation:ddafb963e8e5,Management or intervention,relation,Participates in relation,relation_context,2,0,,,
edge:1133d2dbf513,concept:5b4b8b48f4f9,11-month-old male infant with Down syndrome,clinical_concept,relation:ddafb963e8e5,Management or intervention,relation,Participates in relation,relation_context,2,0,,,
edge:12c1673dad24,concept:1c4c20aa95a2,polymyxin B,clinical_concept,relation:ddafb963e8e5,Management or intervention,relation,Participates in relation,relation_context,2,0,,,
edge:13d6cdadccf6,concept:4ac15857ca1d,NSAIDs,clinical_concept,population:60f1e913db61,Not specified,population,Observed in population,population_context,2,0,,,
edge:140e90bea467,concept:f2ffec6282bf,mortality rate,clinical_concept,setting:a2ffebdb6db9,General inpatient,care_setting,Observed in care setting,care_setting_context,2,0,,,
edge:15168345d066,concept:19ac73a03254,end-stage renal disease,clinical_concept,relation:d3f0610632bb,Outcome,relation,Participates in relation,relation_context,2,0,,,
edge:16225c086cf2,concept:9359273b50a4,SCD,clinical_concept,relation:ddafb963e8e5,Management or intervention,relation,Participates in relation,relation_context,2,0,,,
edge:1759a8b20b29,concept:3f02509e7e1a,Acute kidney injury,clinical_concept,concept:f2ffec6282bf,mortality rate,clinical_concept,Outcome,empirical_assertion,2,2,PMID:32010376;PMID:37843138,Neonatal,Not specified;PICU
edge:1809bb3843b0,concept:968aa235c254,nAKI,clinical_concept,population:a0247bcb3f69,Non-neonatal pediatric,population,Observed in population,population_context,2,0,,,
edge:191092ceec4b,concept:5c76a77d0978,indomethacin,clinical_concept,relation:a62d286204b7,Risk factor,relation,Participates in relation,relation_context,2,0,,,
edge:1a4fd299ed10,concept:41fb91f2e8ef,STARZ score,clinical_concept,concept:3f02509e7e1a,Acute kidney injury,clinical_concept,Risk factor,empirical_assertion,2,2,PMID:35020061;PMID:36189502,Neonatal,PICU
edge:1ba09dabfa3e,concept:4c2bea2ab375,kidney function,clinical_concept,relation:d3f0610632bb,Outcome,relation,Participates in relation,relation_context,2,0,,,
edge:1cdfc7cda06e,concept:517903c4e8fe,hypercalcemia,clinical_concept,population:60f1e913db61,Not specified,population,Observed in population,population_context,2,0,,,
edge:20f9d18c2298,concept:b5b44b9e3ed5,mechanical ventilation,clinical_concept,population:a0247bcb3f69,Non-neonatal pediatric,population,Observed in population,population_context,2,0,,,
edge:2123a728e010,concept:a67cfd9b7a0b,in-hospital mortality,clinical_concept,setting:009f0c0461ec,PICU,care_setting,Observed in care setting,care_setting_context,2,0,,,
edge:217dfff0a4b2,concept:41fb91f2e8ef,STARZ score,clinical_concept,relation:a62d286204b7,Risk factor,relation,Participates in relation,relation_context,2,0,,,
edge:22ee7827f952,concept:59e2545d8c12,renal replacement therapy,clinical_concept,setting:60f1e913db61,Not specified,care_setting,Observed in care setting,care_setting_context,2,0,,,
edge:232c843f00af,concept:4694eebe5ff3,DMSA renal scan,clinical_concept,relation:fdd437d370c4,Diagnosis or staging,relation,Participates in relation,relation_context,2,0,,,
edge:286504a0751c,concept:70f8fa37cd95,CARPEDIEM,clinical_concept,setting:009f0c0461ec,PICU,care_setting,Observed in care setting,care_setting_context,2,0,,,
edge:29628dabea0f,concept:b2a03bf05d09,She,clinical_concept,setting:90eace7f13ff,Kidney replacement therapy,care_setting,Observed in care setting,care_setting_context,2,0,,,
edge:296a300be233,concept:3ae2e469c093,underweight,clinical_concept,setting:186238cccd6f,Sepsis,care_setting,Observed in care setting,care_setting_context,2,0,,,
edge:2c67d7574a16,concept:d10b7b3c40cc,NORAD,clinical_concept,setting:60f1e913db61,Not specified,care_setting,Observed in care setting,care_setting_context,2,0,,,
edge:2ca5fb447758,concept:8845aaa4fe44,late AKI,clinical_concept,relation:a62d286204b7,Risk factor,relation,Participates in relation,relation_context,2,0,,,
edge:2f0df0e4555a,concept:b98555890ded,ApoA5,clinical_concept,relation:837276742aa9,Prediction,relation,Participates in relation,relation_context,2,0,,,
edge:2f7e61ac1c75,concept:ebcb3fbb8865,eculizumab,clinical_concept,population:0fd3b2c23bfc,Pediatric age unclear,population,Observed in population,population_context,2,0,,,
edge:2fbb379a39e0,concept:3f02509e7e1a,Acute kidney injury,clinical_concept,concept:19ac73a03254,end-stage renal disease,clinical_concept,Association,empirical_assertion,2,2,PMID:26175143;PMID:39559972,Non-neonatal pediatric;Not specified,General inpatient;Not specified
edge:304efacf90fc,concept:d232f8f1725a,Williams syndrome,clinical_concept,concept:3f02509e7e1a,Acute kidney injury,clinical_concept,Association,empirical_assertion,2,1,PMID:40627324,Neonatal;Pediatric age unclear,Not specified
edge:3061eeb62fa4,concept:68ea491b092f,acute renal failure,clinical_concept,population:a6dd3918708d,Neonatal,population,Observed in population,population_context,2,0,,,
edge:307ed7ec7234,concept:66db9e71f7f8,Continuous kidney replacement therapy,clinical_concept,concept:3f02509e7e1a,Acute kidney injury,clinical_concept,Diagnosis or staging,empirical_assertion,2,2,PMID:37975941;PMID:38303583,Non-neonatal pediatric,PICU
edge:328944a0da79,concept:bdc8e6790aae,gene,clinical_concept,population:60f1e913db61,Not specified,population,Observed in population,population_context,2,0,,,
edge:3335c60809bc,concept:c4ad51bd420d,TIMP-2*IGFBP-7,clinical_concept,concept:3f02509e7e1a,Acute kidney injury,clinical_concept,Diagnosis or staging,empirical_assertion,2,1,PMID:37365422,Non-neonatal pediatric,Not specified
edge:336058fdf185,concept:bfb0dc1e8fdf,AKI incidence,clinical_concept,setting:009f0c0461ec,PICU,care_setting,Observed in care setting,care_setting_context,2,0,,,
edge:336a96450c29,concept:0b6baed8ee51,neonates,clinical_concept,concept:3f02509e7e1a,Acute kidney injury,clinical_concept,Association,empirical_assertion,2,2,PMID:28187757;PMID:36189502,Neonatal,Not specified
edge:33e9e530ebe0,concept:bb9e4feba6bc,prediction model,clinical_concept,setting:a2ffebdb6db9,General inpatient,care_setting,Observed in care setting,care_setting_context,2,0,,,
edge:34a6f15b8706,concept:b2c3a81e8092,neonatal acute kidney injury,clinical_concept,relation:fdd437d370c4,Diagnosis or staging,relation,Participates in relation,relation_context,2,0,,,
edge:3746b8f18ee7,concept:19ac73a03254,end-stage renal disease,clinical_concept,population:60f1e913db61,Not specified,population,Observed in population,population_context,2,0,,,
edge:37530a8b2acb,concept:ef0055aa3063,hypertension,clinical_concept,relation:a62d286204b7,Risk factor,relation,Participates in relation,relation_context,2,0,,,
edge:3995613c3185,concept:821dea596ce1,postoperative acute kidney injury,clinical_concept,relation:a62d286204b7,Risk factor,relation,Participates in relation,relation_context,2,0,,,
edge:3a2e03134cba,concept:a92c7db0d74e,pSAKI-2,clinical_concept,relation:d3f0610632bb,Outcome,relation,Participates in relation,relation_context,2,0,,,
edge:3b03f2885953,concept:f03ba404afb6,survival,clinical_concept,setting:b4249bcbeb64,Oncology or transplant,care_setting,Observed in care setting,care_setting_context,2,0,,,
edge:3b1a8e711c78,concept:b57746353556,oliguria,clinical_concept,setting:009f0c0461ec,PICU,care_setting,Observed in care setting,care_setting_context,2,0,,,
edge:3c57829138f8,concept:3f02509e7e1a,Acute kidney injury,clinical_concept,concept:59e2545d8c12,renal replacement therapy,clinical_concept,Association,empirical_assertion,2,2,PMID:25480521;PMID:26488219,Explicitly non-pediatric;Not specified,Kidney replacement therapy
edge:3ccb274fc919,concept:bf502fc059e3,CPB-AKI,clinical_concept,relation:fdd437d370c4,Diagnosis or staging,relation,Participates in relation,relation_context,2,0,,,
edge:3eef28122904,concept:1cc152716766,severe AKI,clinical_concept,setting:a2ffebdb6db9,General inpatient,care_setting,Observed in care setting,care_setting_context,2,0,,,
edge:40a78741ae8c,concept:86b49243738d,dexmedetomidine,clinical_concept,concept:3f02509e7e1a,Acute kidney injury,clinical_concept,Association,empirical_assertion,2,2,PMID:30260073;PMID:32780926,Pediatric age unclear,Cardiac surgery
edge:427b853d22a2,concept:2247e02f778d,Hypertension,clinical_concept,concept:3f02509e7e1a,Acute kidney injury,clinical_concept,Association,empirical_assertion,2,2,PMID:30462335;PMID:41281162,Non-neonatal pediatric;Not specified,General inpatient;Not specified
edge:42806a39569f,concept:3f02509e7e1a,Acute kidney injury,clinical_concept,concept:04a3a8cdc90f,Cardiac surgery,clinical_concept,Risk factor,empirical_assertion,2,2,PMID:33282633;PMID:37152314,Neonatal;Non-neonatal pediatric,Cardiac surgery
edge:4328fefc2541,concept:5d14ae600c8b,IL-18,clinical_concept,setting:60f1e913db61,Not specified,care_setting,Observed in care setting,care_setting_context,2,0,,,
edge:4439d065e387,concept:d10b7b3c40cc,NORAD,clinical_concept,population:60f1e913db61,Not specified,population,Observed in population,population_context,2,0,,,
edge:44efbf23584a,concept:f7d635cfe882,morbidity and mortality,clinical_concept,setting:04a3a8cdc90f,Cardiac surgery,care_setting,Observed in care setting,care_setting_context,2,0,,,
edge:4708ed788db2,concept:4276166e23d9,eGFR,clinical_concept,relation:a81434589757,Monitoring,relation,Participates in relation,relation_context,2,0,,,
edge:49d61375eaf7,concept:93b2335a2255,pNGAL,clinical_concept,population:60f1e913db61,Not specified,population,Observed in population,population_context,2,0,,,
edge:4a4a2fcc20e4,concept:d1d50bf387fa,poor outcome,clinical_concept,setting:009f0c0461ec,PICU,care_setting,Observed in care setting,care_setting_context,2,0,,,
edge:4c16c9faf0c8,concept:0a6588f8aa37,CKRT,clinical_concept,relation:1948b8a73d1c,Association,relation,Participates in relation,relation_context,2,0,,,
edge:4cb8b4c4a373,concept:fbfb66c84913,Mortality,clinical_concept,concept:3f02509e7e1a,Acute kidney injury,clinical_concept,Outcome,empirical_assertion,2,2,PMID:28858859;PMID:39988815,Non-neonatal pediatric;Pediatric age unclear,Cardiac surgery;General inpatient
edge:4cc775c5e6f0,concept:8845aaa4fe44,late AKI,clinical_concept,population:a0247bcb3f69,Non-neonatal pediatric,population,Observed in population,population_context,2,0,,,
edge:4fc4b6ad86e5,concept:be594bc0b9db,renal function,clinical_concept,setting:a2ffebdb6db9,General inpatient,care_setting,Observed in care setting,care_setting_context,2,0,,,
edge:50cbf2407474,concept:e6bd2a03ca8f,preterm infants,clinical_concept,setting:a2ffebdb6db9,General inpatient,care_setting,Observed in care setting,care_setting_context,2,0,,,
edge:51d58085e98e,concept:5968f4edfd74,CS-AKI,clinical_concept,population:a0247bcb3f69,Non-neonatal pediatric,population,Observed in population,population_context,2,0,,,
edge:5346a3964d48,concept:a63ddc4be1f1,pre-eclampsia,clinical_concept,population:60f1e913db61,Not specified,population,Observed in population,population_context,2,0,,,
edge:545921d26853,concept:5d14ae600c8b,IL-18,clinical_concept,relation:a81434589757,Monitoring,relation,Participates in relation,relation_context,2,0,,,
edge:55137e793bce,concept:c4847974da78,nephrotoxicity,clinical_concept,relation:d3f0610632bb,Outcome,relation,Participates in relation,relation_context,2,0,,,
edge:5559fac676ce,concept:bb9e4feba6bc,prediction model,clinical_concept,population:a6dd3918708d,Neonatal,population,Observed in population,population_context,2,0,,,
edge:568dde84858f,concept:6df5cad550fc,poor outcomes,clinical_concept,population:a0247bcb3f69,Non-neonatal pediatric,population,Observed in population,population_context,2,0,,,
edge:5965945c5333,concept:44861e186e12,KIM-1,clinical_concept,concept:3f02509e7e1a,Acute kidney injury,clinical_concept,Association,empirical_assertion,2,2,PMID:25751064;PMID:26449997,Not specified,Not specified
edge:59c665229621,concept:966ac4713e4b,dialysis,clinical_concept,setting:009f0c0461ec,PICU,care_setting,Observed in care setting,care_setting_context,2,0,,,
edge:5a8e83e3972b,concept:991a5e3f2a5d,critically ill children,clinical_concept,relation:1948b8a73d1c,Association,relation,Participates in relation,relation_context,2,0,,,
edge:5e34587aae8c,concept:5bf3592fe600,continuous renal replacement therapy (CRRT),clinical_concept,relation:1948b8a73d1c,Association,relation,Participates in relation,relation_context,2,0,,,
edge:5eedb5a3df7f,concept:83c73b3f7837,chronic kidney disease (CKD),clinical_concept,relation:ddafb963e8e5,Management or intervention,relation,Participates in relation,relation_context,2,0,,,
edge:6064289206de,concept:42abe1123034,cidofovir,clinical_concept,relation:ddafb963e8e5,Management or intervention,relation,Participates in relation,relation_context,2,0,,,
edge:61e216d4c498,concept:bacdca30ec80,new-onset acute kidney injury,clinical_concept,setting:60f1e913db61,Not specified,care_setting,Observed in care setting,care_setting_context,2,0,,,
edge:6325deca3e6c,concept:1c4c20aa95a2,polymyxin B,clinical_concept,concept:66db9e71f7f8,Continuous kidney replacement therapy,clinical_concept,Association,empirical_assertion,2,1,PMID:35401193,Non-neonatal pediatric,Kidney replacement therapy
edge:638d055069ef,concept:d56990b2d044,uKIM-1/cr,clinical_concept,relation:1948b8a73d1c,Association,relation,Participates in relation,relation_context,2,0,,,
edge:646954d8b97f,concept:c4847974da78,nephrotoxicity,clinical_concept,population:60f1e913db61,Not specified,population,Observed in population,population_context,2,0,,,
edge:65a9adfedebf,concept:93b2335a2255,pNGAL,clinical_concept,concept:3f02509e7e1a,Acute kidney injury,clinical_concept,Prediction,empirical_assertion,2,1,PMID:25605005,Non-neonatal pediatric,PICU
edge:65fbccc08796,concept:98c2443d3f14,cardiac surgery-associated acute kidney injury (CSA-AKI),clinical_concept,relation:fdd437d370c4,Diagnosis or staging,relation,Participates in relation,relation_context,2,0,,,
edge:68816e1008c2,concept:5cfdab25a2e6,renal angina index,clinical_concept,setting:04a3a8cdc90f,Cardiac surgery,care_setting,Observed in care setting,care_setting_context,2,0,,,
edge:68cae7654d52,concept:5bf3592fe600,continuous renal replacement therapy (CRRT),clinical_concept,population:a0247bcb3f69,Non-neonatal pediatric,population,Observed in population,population_context,2,0,,,
edge:69a224e4a9c0,concept:44b04110b9cf,Sepsis-associated acute kidney injury,clinical_concept,relation:1948b8a73d1c,Association,relation,Participates in relation,relation_context,2,0,,,
edge:69b36162da5c,concept:1b67e14fca16,90-day mortality,clinical_concept,relation:a62d286204b7,Risk factor,relation,Participates in relation,relation_context,2,0,,,
edge:69faac3f070e,concept:3ae2e469c093,underweight,clinical_concept,concept:1b43259e3df5,28-day mortality,clinical_concept,Risk factor,empirical_assertion,2,1,PMID:32620676,Non-neonatal pediatric,Sepsis
edge:6a5b5a5bb689,concept:bfb0dc1e8fdf,AKI incidence,clinical_concept,population:60f1e913db61,Not specified,population,Observed in population,population_context,2,0,,,
edge:6abb504b1d64,concept:989fe9aa79c0,NGAL,clinical_concept,population:a6dd3918708d,Neonatal,population,Observed in population,population_context,2,0,,,
edge:6aebb63d5169,concept:a63ddc4be1f1,pre-eclampsia,clinical_concept,population:f529ef2927eb,Explicitly non-pediatric,population,Observed in population,population_context,2,0,,,
edge:6bcea5b05308,concept:3f02509e7e1a,Acute kidney injury,clinical_concept,concept:a3c5d408908c,KDIGO criteria,clinical_concept,Diagnosis or staging,empirical_assertion,2,2,PMID:25885883;PMID:42489916,Non-neonatal pediatric;Not specified,Cardiac surgery;General inpatient
edge:6ccd09ba0455,concept:d10b7b3c40cc,NORAD,clinical_concept,relation:ddafb963e8e5,Management or intervention,relation,Participates in relation,relation_context,2,0,,,
edge:6f9c46002221,concept:68ea491b092f,acute renal failure,clinical_concept,setting:90eace7f13ff,Kidney replacement therapy,care_setting,Observed in care setting,care_setting_context,2,0,,,
edge:70a26f4f71cf,concept:d1d50bf387fa,poor outcome,clinical_concept,relation:837276742aa9,Prediction,relation,Participates in relation,relation_context,2,0,,,
edge:73d35720b453,concept:162e2710b32d,MAKE30,clinical_concept,setting:009f0c0461ec,PICU,care_setting,Observed in care setting,care_setting_context,2,0,,,
edge:740133368523,concept:c609acfda80b,cisplatin-induced AKI,clinical_concept,population:60f1e913db61,Not specified,population,Observed in population,population_context,2,0,,,
edge:759da25f186e,concept:eb6330a5cf69,Hemolytic uremic syndrome,clinical_concept,setting:a2ffebdb6db9,General inpatient,care_setting,Observed in care setting,care_setting_context,2,0,,,
edge:7796815114ca,concept:c4ad51bd420d,TIMP-2*IGFBP-7,clinical_concept,concept:3f02509e7e1a,Acute kidney injury,clinical_concept,Association,empirical_assertion,2,2,PMID:28382566;PMID:37365422,Neonatal;Non-neonatal pediatric,Cardiac surgery;Not specified
edge:79ef287876dd,concept:d56990b2d044,uKIM-1/cr,clinical_concept,relation:fdd437d370c4,Diagnosis or staging,relation,Participates in relation,relation_context,2,0,,,
edge:7a3b99d09985,concept:3f02509e7e1a,Acute kidney injury,clinical_concept,concept:fe7cce6fba96,ECMO,clinical_concept,Association,empirical_assertion,2,1,PMID:39254656,Non-neonatal pediatric,Not specified
edge:7a53f25a8eba,concept:0d9bd6b5d986,vancomycin plus piperacillin-tazobactam,clinical_concept,population:a6dd3918708d,Neonatal,population,Observed in population,population_context,2,0,,,
edge:7ac0b73aae0a,concept:6df5cad550fc,poor outcomes,clinical_concept,population:60f1e913db61,Not specified,population,Observed in population,population_context,2,0,,,
edge:7b8ab836466e,concept:68ea491b092f,acute renal failure,clinical_concept,relation:ddafb963e8e5,Management or intervention,relation,Participates in relation,relation_context,2,0,,,
edge:7d26ef341a52,concept:44861e186e12,KIM-1,clinical_concept,population:0fd3b2c23bfc,Pediatric age unclear,population,Observed in population,population_context,2,0,,,
edge:7fc57424d7d0,concept:9d7e5b0836f2,adverse outcomes,clinical_concept,setting:009f0c0461ec,PICU,care_setting,Observed in care setting,care_setting_context,2,0,,,
edge:800352af1c24,concept:60be39622d20,high-volume hemofiltration,clinical_concept,relation:d3f0610632bb,Outcome,relation,Participates in relation,relation_context,2,0,,,
edge:8328d8df6a55,concept:f2ffec6282bf,mortality rate,clinical_concept,population:a0247bcb3f69,Non-neonatal pediatric,population,Observed in population,population_context,2,0,,,
edge:8389a30a1bd5,concept:5f1b5d8e8f8c,SA-AKI,clinical_concept,relation:837276742aa9,Prediction,relation,Participates in relation,relation_context,2,0,,,
edge:855d93a96a0f,concept:511d9f099a20,Neutrophil gelatinase-associated lipocalin,clinical_concept,population:a6dd3918708d,Neonatal,population,Observed in population,population_context,2,0,,,
edge:85eaf5bfda6c,concept:989fe9aa79c0,NGAL,clinical_concept,concept:3f02509e7e1a,Acute kidney injury,clinical_concept,Association,empirical_assertion,2,2,PMID:30942115;PMID:40677412,Not specified,Not specified
edge:85f26e08e309,concept:19fa52517804,kidney injury,clinical_concept,population:60f1e913db61,Not specified,population,Observed in population,population_context,2,0,,,
edge:877faf1acd16,concept:1cd91b92b952,renal failure,clinical_concept,relation:a62d286204b7,Risk factor,relation,Participates in relation,relation_context,2,0,,,
edge:881b40b0e11d,concept:59e2545d8c12,renal replacement therapy,clinical_concept,setting:b4249bcbeb64,Oncology or transplant,care_setting,Observed in care setting,care_setting_context,2,0,,,
edge:8ab2a3075e90,concept:c609acfda80b,cisplatin-induced AKI,clinical_concept,setting:f4c2ffe646cb,Nephrotoxic exposure,care_setting,Observed in care setting,care_setting_context,2,0,,,
edge:8c35bd14ddbd,concept:f7d635cfe882,morbidity and mortality,clinical_concept,relation:a62d286204b7,Risk factor,relation,Participates in relation,relation_context,2,0,,,
edge:8d372c6674e6,concept:821dea596ce1,postoperative acute kidney injury,clinical_concept,population:60f1e913db61,Not specified,population,Observed in population,population_context,2,0,,,
edge:8eb4cab0d0e8,concept:7a4eb8dff375,infant,clinical_concept,concept:3f02509e7e1a,Acute kidney injury,clinical_concept,Association,empirical_assertion,2,2,PMID:39150522;PMID:41007044,Neonatal,General inpatient;Not specified
edge:8ee677844b03,concept:70f8fa37cd95,CARPEDIEM,clinical_concept,relation:d3f0610632bb,Outcome,relation,Participates in relation,relation_context,2,0,,,
edge:912540b571c3,concept:97538d771d18,uNGAL,clinical_concept,population:a0247bcb3f69,Non-neonatal pediatric,population,Observed in population,population_context,2,0,,,
edge:913490f35628,concept:c94bac1a8dbd,Carnitine palmitoyltransferase II (CPT2) deficiency,clinical_concept,relation:ddafb963e8e5,Management or intervention,relation,Participates in relation,relation_context,2,0,,,
edge:92d96e83df93,concept:c4847974da78,nephrotoxicity,clinical_concept,setting:f4c2ffe646cb,Nephrotoxic exposure,care_setting,Observed in care setting,care_setting_context,2,0,,,
edge:941893af540c,concept:5bf3592fe600,continuous renal replacement therapy (CRRT),clinical_concept,population:a6dd3918708d,Neonatal,population,Observed in population,population_context,2,0,,,
edge:947dc2df8b3f,concept:eb6330a5cf69,Hemolytic uremic syndrome,clinical_concept,population:f529ef2927eb,Explicitly non-pediatric,population,Observed in population,population_context,2,0,,,
edge:9968d70ec87e,concept:bb9e4feba6bc,prediction model,clinical_concept,concept:3f02509e7e1a,Acute kidney injury,clinical_concept,Prediction,empirical_assertion,2,1,PMID:42137557,Neonatal,Not specified
edge:99ba9f93a207,concept:eda314d57f7d,urinary NGAL,clinical_concept,relation:837276742aa9,Prediction,relation,Participates in relation,relation_context,2,0,,,
edge:9b7cbff6b766,concept:b98555890ded,ApoA5,clinical_concept,setting:186238cccd6f,Sepsis,care_setting,Observed in care setting,care_setting_context,2,0,,,
edge:9d183f045821,concept:6670fd44fff1,neonatal AKI,clinical_concept,setting:009f0c0461ec,PICU,care_setting,Observed in care setting,care_setting_context,2,0,,,
edge:9d64598e48df,concept:7626d382c6f0,renal biopsy,clinical_concept,setting:b4249bcbeb64,Oncology or transplant,care_setting,Observed in care setting,care_setting_context,2,0,,,
edge:9dc3dd1a88d4,concept:7626d382c6f0,renal biopsy,clinical_concept,relation:ddafb963e8e5,Management or intervention,relation,Participates in relation,relation_context,2,0,,,
edge:9deab431c07d,concept:2bb93c9ef7ee,logSII,clinical_concept,relation:1948b8a73d1c,Association,relation,Participates in relation,relation_context,2,0,,,
edge:a34d3a94844f,concept:c609acfda80b,cisplatin-induced AKI,clinical_concept,population:f529ef2927eb,Explicitly non-pediatric,population,Observed in population,population_context,2,0,,,
edge:a3975eeb4766,concept:c044de379dff,Kidney Disease: Improving Global Outcomes criteria,clinical_concept,setting:04a3a8cdc90f,Cardiac surgery,care_setting,Observed in care setting,care_setting_context,2,0,,,
edge:a3f9bcb9f851,concept:9d7e5b0836f2,adverse outcomes,clinical_concept,setting:60f1e913db61,Not specified,care_setting,Observed in care setting,care_setting_context,2,0,,,
edge:a4e123e820ff,concept:8845aaa4fe44,late AKI,clinical_concept,setting:a2ffebdb6db9,General inpatient,care_setting,Observed in care setting,care_setting_context,2,0,,,
edge:a52e30509311,concept:877092f761a5,5-year-old male child,clinical_concept,relation:1948b8a73d1c,Association,relation,Participates in relation,relation_context,2,0,,,
edge:a54d37dabbac,concept:5dc56b9aab61,age,clinical_concept,concept:3f02509e7e1a,Acute kidney injury,clinical_concept,Risk factor,empirical_assertion,2,2,PMID:32047124;PMID:32910553,Non-neonatal pediatric;Pediatric age unclear,General inpatient;Not specified
edge:a5934e3aa886,concept:be594bc0b9db,renal function,clinical_concept,population:60f1e913db61,Not specified,population,Observed in population,population_context,2,0,,,
edge:a652a175e0ee,concept:66db9e71f7f8,Continuous kidney replacement therapy,clinical_concept,concept:fbfb66c84913,Mortality,clinical_concept,Association,empirical_assertion,2,1,PMID:33799847,Non-neonatal pediatric,Not specified
edge:a683640a0631,concept:b84169bad39c,L-FABP,clinical_concept,population:a0247bcb3f69,Non-neonatal pediatric,population,Observed in population,population_context,2,0,,,
edge:a765a7553aa0,concept:b5b44b9e3ed5,mechanical ventilation,clinical_concept,relation:a62d286204b7,Risk factor,relation,Participates in relation,relation_context,2,0,,,
edge:a786d0cc6001,concept:1b67e14fca16,90-day mortality,clinical_concept,setting:009f0c0461ec,PICU,care_setting,Observed in care setting,care_setting_context,2,0,,,
edge:a82e6a925ed7,concept:29166f0942dc,fluid overload,clinical_concept,concept:3f02509e7e1a,Acute kidney injury,clinical_concept,Association,empirical_assertion,2,2,PMID:30157730;PMID:34727245,Neonatal,Not specified;PICU
edge:a83963af404e,concept:01db9c235376,creatinine,clinical_concept,relation:fdd437d370c4,Diagnosis or staging,relation,Participates in relation,relation_context,2,0,,,
edge:a9ca3cd2659e,concept:2061ae4227c6,contrast-induced acute kidney injury,clinical_concept,setting:a2ffebdb6db9,General inpatient,care_setting,Observed in care setting,care_setting_context,2,0,,,
edge:aa45d81a90db,concept:a66769ba9b18,crush syndrome,clinical_concept,relation:1948b8a73d1c,Association,relation,Participates in relation,relation_context,2,0,,,
edge:aa9cf2a26f60,concept:bb9e4feba6bc,prediction model,clinical_concept,setting:60f1e913db61,Not specified,care_setting,Observed in care setting,care_setting_context,2,0,,,
edge:ac17d1263e5d,concept:5b4b8b48f4f9,11-month-old male infant with Down syndrome,clinical_concept,relation:1948b8a73d1c,Association,relation,Participates in relation,relation_context,2,0,,,
edge:ad01fea69229,concept:6a523a52b63c,Diabetic ketoacidosis,clinical_concept,relation:ddafb963e8e5,Management or intervention,relation,Participates in relation,relation_context,2,0,,,
edge:ad5bb41d1110,concept:faa0eb06e45f,MIS-C,clinical_concept,setting:009f0c0461ec,PICU,care_setting,Observed in care setting,care_setting_context,2,0,,,
edge:b1f98319c98c,concept:3ae2e469c093,underweight,clinical_concept,setting:009f0c0461ec,PICU,care_setting,Observed in care setting,care_setting_context,2,0,,,
edge:b205208fcee5,concept:a5e582c4947e,severe acute kidney injury,clinical_concept,population:60f1e913db61,Not specified,population,Observed in population,population_context,2,0,,,
edge:b2d822a29cbc,concept:0b6baed8ee51,neonates,clinical_concept,setting:04a3a8cdc90f,Cardiac surgery,care_setting,Observed in care setting,care_setting_context,2,0,,,
edge:b3dbb3e315b9,concept:162e2710b32d,MAKE30,clinical_concept,relation:837276742aa9,Prediction,relation,Participates in relation,relation_context,2,0,,,
edge:b5a7625e46ed,concept:87e1d940cf2f,biomarkers,clinical_concept,population:60f1e913db61,Not specified,population,Observed in population,population_context,2,0,,,
edge:b79fff5abb3c,concept:ac5779b12a77,IVH,clinical_concept,relation:a62d286204b7,Risk factor,relation,Participates in relation,relation_context,2,0,,,
edge:ba6fa2dd3599,concept:fdd28da50824,RCA,clinical_concept,relation:ddafb963e8e5,Management or intervention,relation,Participates in relation,relation_context,2,0,,,
edge:bb7e2fa82aee,concept:3f02509e7e1a,Acute kidney injury,clinical_concept,concept:daa4e10d4f1f,Peritoneal dialysis,clinical_concept,Diagnosis or staging,empirical_assertion,2,2,PMID:25816809;PMID:33272115,Neonatal;Non-neonatal pediatric,General inpatient;PICU
edge:bc20258059a4,concept:162a81bb5a59,CI-AKI,clinical_concept,population:0fd3b2c23bfc,Pediatric age unclear,population,Observed in population,population_context,2,0,,,
edge:bf3e5819d3d7,concept:037c298c139d,CRS,clinical_concept,relation:ddafb963e8e5,Management or intervention,relation,Participates in relation,relation_context,2,0,,,
edge:bff472564391,concept:d232f8f1725a,Williams syndrome,clinical_concept,population:a6dd3918708d,Neonatal,population,Observed in population,population_context,2,0,,,
edge:c0c87402f8f2,concept:da9923b574d7,patients with AKI,clinical_concept,population:a0247bcb3f69,Non-neonatal pediatric,population,Observed in population,population_context,2,0,,,
edge:c33e10ed086b,concept:511d9f099a20,Neutrophil gelatinase-associated lipocalin,clinical_concept,relation:fdd437d370c4,Diagnosis or staging,relation,Participates in relation,relation_context,2,0,,,
edge:c3412b0aa162,concept:93b2335a2255,pNGAL,clinical_concept,relation:1948b8a73d1c,Association,relation,Participates in relation,relation_context,2,0,,,
edge:c5592435f14e,concept:5c76a77d0978,indomethacin,clinical_concept,concept:3f02509e7e1a,Acute kidney injury,clinical_concept,Risk factor,empirical_assertion,2,2,PMID:31100058;PMID:35474648,Neonatal,General inpatient
edge:c72a7fd96f99,concept:e60a6cfa0bb4,fluid balance,clinical_concept,population:a6dd3918708d,Neonatal,population,Observed in population,population_context,2,0,,,
edge:c8d9e0d4f391,concept:c609acfda80b,cisplatin-induced AKI,clinical_concept,population:a0247bcb3f69,Non-neonatal pediatric,population,Observed in population,population_context,2,0,,,
edge:c96356c1c424,concept:f2ffec6282bf,mortality rate,clinical_concept,setting:009f0c0461ec,PICU,care_setting,Observed in care setting,care_setting_context,2,0,,,
edge:c9abe43d2631,concept:44b04110b9cf,Sepsis-associated acute kidney injury,clinical_concept,relation:a62d286204b7,Risk factor,relation,Participates in relation,relation_context,2,0,,,
edge:c9ef9d1ac8d1,concept:2e7fb04d9222,7-day-old female neonate,clinical_concept,relation:fdd437d370c4,Diagnosis or staging,relation,Participates in relation,relation_context,2,0,,,
edge:c9f21530327f,concept:c609acfda80b,cisplatin-induced AKI,clinical_concept,relation:ddafb963e8e5,Management or intervention,relation,Participates in relation,relation_context,2,0,,,
edge:cce0d62c1eeb,concept:6b08052a6ab1,AKI stage 3,clinical_concept,population:a6dd3918708d,Neonatal,population,Observed in population,population_context,2,0,,,
edge:ce155165efe0,concept:5d14ae600c8b,IL-18,clinical_concept,population:a6dd3918708d,Neonatal,population,Observed in population,population_context,2,0,,,
edge:ce9362d7df0d,concept:9d7e5b0836f2,adverse outcomes,clinical_concept,setting:04a3a8cdc90f,Cardiac surgery,care_setting,Observed in care setting,care_setting_context,2,0,,,
edge:cf1e447ce1d5,concept:1da5a27f88be,CA-AKI,clinical_concept,setting:60f1e913db61,Not specified,care_setting,Observed in care setting,care_setting_context,2,0,,,
edge:cf53c457f5bf,concept:b253b8446dc6,cardiac surgery-associated acute kidney injury,clinical_concept,relation:a62d286204b7,Risk factor,relation,Participates in relation,relation_context,2,0,,,
edge:cf899b198bd5,concept:7bd96b1fd2e3,cerebral edema,clinical_concept,relation:1948b8a73d1c,Association,relation,Participates in relation,relation_context,2,0,,,
edge:cf8c6e6e2596,concept:c044de379dff,Kidney Disease: Improving Global Outcomes criteria,clinical_concept,population:0fd3b2c23bfc,Pediatric age unclear,population,Observed in population,population_context,2,0,,,
edge:cfb99ae1510e,concept:c4ad51bd420d,TIMP-2*IGFBP-7,clinical_concept,relation:1948b8a73d1c,Association,relation,Participates in relation,relation_context,2,0,,,
edge:d02fb9b98a9a,concept:daa4e10d4f1f,Peritoneal dialysis,clinical_concept,concept:fbfb66c84913,Mortality,clinical_concept,Outcome,empirical_assertion,2,1,PMID:28676510,Neonatal,Not specified
edge:d2fe92065a05,concept:5501c332f08d,hospital mortality,clinical_concept,setting:04a3a8cdc90f,Cardiac surgery,care_setting,Observed in care setting,care_setting_context,2,0,,,
edge:d61d1cc85ef8,concept:821dea596ce1,postoperative acute kidney injury,clinical_concept,population:f529ef2927eb,Explicitly non-pediatric,population,Observed in population,population_context,2,0,,,
edge:d6c0bbf727ba,concept:06901dda33a5,HRS-AKI,clinical_concept,relation:1948b8a73d1c,Association,relation,Participates in relation,relation_context,2,0,,,
edge:d7a19b6f946f,concept:0a6588f8aa37,CKRT,clinical_concept,setting:009f0c0461ec,PICU,care_setting,Observed in care setting,care_setting_context,2,0,,,
edge:d7dbcb18aa07,concept:9d7e5b0836f2,adverse outcomes,clinical_concept,relation:837276742aa9,Prediction,relation,Participates in relation,relation_context,2,0,,,
edge:db2d0c0729e9,concept:3ae2e469c093,underweight,clinical_concept,relation:a62d286204b7,Risk factor,relation,Participates in relation,relation_context,2,0,,,
edge:db7281cb61b2,concept:1cc152716766,severe AKI,clinical_concept,population:60f1e913db61,Not specified,population,Observed in population,population_context,2,0,,,
edge:dd4ee396a43c,concept:bacdca30ec80,new-onset acute kidney injury,clinical_concept,relation:d3f0610632bb,Outcome,relation,Participates in relation,relation_context,2,0,,,
edge:de6cd191308d,concept:f2ffec6282bf,mortality rate,clinical_concept,population:a6dd3918708d,Neonatal,population,Observed in population,population_context,2,0,,,
edge:de8f88539972,concept:93b2335a2255,pNGAL,clinical_concept,setting:60f1e913db61,Not specified,care_setting,Observed in care setting,care_setting_context,2,0,,,
edge:df7dd6dea791,concept:4f4a351f26a7,Fluid overload,clinical_concept,relation:837276742aa9,Prediction,relation,Participates in relation,relation_context,2,0,,,
edge:e092977d7ce9,concept:41eb26b1adf2,pediatric AKI,clinical_concept,setting:a2ffebdb6db9,General inpatient,care_setting,Observed in care setting,care_setting_context,2,0,,,
edge:e15db58c54bc,concept:e6bd2a03ca8f,preterm infants,clinical_concept,relation:ddafb963e8e5,Management or intervention,relation,Participates in relation,relation_context,2,0,,,
edge:e1a15fabee92,concept:1387a8a1e490,persistent severe AKI,clinical_concept,relation:d3f0610632bb,Outcome,relation,Participates in relation,relation_context,2,0,,,
edge:e1f465ea4331,concept:739bd59fa509,Cystatin C,clinical_concept,population:a6dd3918708d,Neonatal,population,Observed in population,population_context,2,0,,,
edge:e2c87c0d4dbd,concept:2807f5d1984f,Cardiac surgery-associated acute kidney injury,clinical_concept,population:a6dd3918708d,Neonatal,population,Observed in population,population_context,2,0,,,
edge:e5199956d897,concept:e5c826f41729,AKD,clinical_concept,relation:a62d286204b7,Risk factor,relation,Participates in relation,relation_context,2,0,,,
edge:e540c6af1121,concept:f57480741ce5,NIRS,clinical_concept,setting:60f1e913db61,Not specified,care_setting,Observed in care setting,care_setting_context,2,0,,,
edge:e9bdf1c24f4c,concept:c324fd366ebb,Serum creatinine,clinical_concept,concept:989fe9aa79c0,NGAL,clinical_concept,Association,empirical_assertion,2,1,PMID:39736157,Non-neonatal pediatric,Sepsis
edge:e9d60b24f449,concept:a3c5d408908c,KDIGO criteria,clinical_concept,population:a0247bcb3f69,Non-neonatal pediatric,population,Observed in population,population_context,2,0,,,
edge:ec03a8258710,concept:7b0261c11888,therapeutic hypothermia,clinical_concept,concept:3f02509e7e1a,Acute kidney injury,clinical_concept,Association,empirical_assertion,2,2,PMID:21983123;PMID:35340015,Neonatal;Not specified,General inpatient;Not specified
edge:eccce08c84b0,concept:5cfdab25a2e6,renal angina index,clinical_concept,setting:009f0c0461ec,PICU,care_setting,Observed in care setting,care_setting_context,2,0,,,
edge:eee324c22377,concept:3c16a3a8636f,hemodialysis,clinical_concept,setting:60f1e913db61,Not specified,care_setting,Observed in care setting,care_setting_context,2,0,,,
edge:f0a9e6583e90,concept:c609acfda80b,cisplatin-induced AKI,clinical_concept,relation:fdd437d370c4,Diagnosis or staging,relation,Participates in relation,relation_context,2,0,,,
edge:f2d2d32bd33a,concept:1cd91b92b952,renal failure,clinical_concept,setting:04a3a8cdc90f,Cardiac surgery,care_setting,Observed in care setting,care_setting_context,2,0,,,
edge:f45c4ac7bf7a,concept:1cd91b92b952,renal failure,clinical_concept,setting:186238cccd6f,Sepsis,care_setting,Observed in care setting,care_setting_context,2,0,,,
edge:f69ce8970da2,concept:faa0eb06e45f,MIS-C,clinical_concept,concept:3f02509e7e1a,Acute kidney injury,clinical_concept,Association,empirical_assertion,2,2,PMID:34539169;PMID:35435870,Non-neonatal pediatric;Pediatric age unclear,General inpatient;PICU
edge:f722e8be24d1,concept:3f02509e7e1a,Acute kidney injury,clinical_concept,concept:66db9e71f7f8,Continuous kidney replacement therapy,clinical_concept,Association,empirical_assertion,2,2,PMID:39318499;PMID:40660185,Non-neonatal pediatric,Not specified;PICU
edge:f7df2d0b4bf9,concept:fbfb66c84913,Mortality,clinical_concept,concept:186238cccd6f,Sepsis,clinical_concept,Association,empirical_assertion,2,2,PMID:35975368;PMID:42177751,Non-neonatal pediatric,Sepsis
edge:f8166cee68e1,concept:32a6eb16dd8b,AKI stages,clinical_concept,setting:04a3a8cdc90f,Cardiac surgery,care_setting,Observed in care setting,care_setting_context,2,0,,,
edge:f94736f2ab88,concept:70f8fa37cd95,CARPEDIEM,clinical_concept,concept:3f02509e7e1a,Acute kidney injury,clinical_concept,Management or intervention,empirical_assertion,2,1,PMID:40668378,Neonatal,PICU
edge:fab1b2bb9667,concept:f2ffec6282bf,mortality rate,clinical_concept,relation:d3f0610632bb,Outcome,relation,Participates in relation,relation_context,2,0,,,
edge:fc38d5148b2c,concept:044d4ce1cd53,gut microbiota,clinical_concept,population:60f1e913db61,Not specified,population,Observed in population,population_context,2,0,,,
edge:fc9c84267d56,concept:5d14ae600c8b,IL-18,clinical_concept,relation:1948b8a73d1c,Association,relation,Participates in relation,relation_context,2,0,,,
edge:fd95d13f180f,concept:5501c332f08d,hospital mortality,clinical_concept,setting:009f0c0461ec,PICU,care_setting,Observed in care setting,care_setting_context,2,0,,,
edge:feb49bf9a0ed,concept:8257a9cef2fe,ARC,clinical_concept,relation:a62d286204b7,Risk factor,relation,Participates in relation,relation_context,2,0,,,
edge:ff2d177b9055,concept:3b81417c9b72,SCLS,clinical_concept,relation:1948b8a73d1c,Association,relation,Participates in relation,relation_context,2,0,,,
edge:ff8ca9c6a077,concept:ebcb3fbb8865,eculizumab,clinical_concept,population:a6dd3918708d,Neonatal,population,Observed in population,population_context,2,0,,,
edge:019893fb261f,concept:3f02509e7e1a,Acute kidney injury,clinical_concept,concept:42b89a6b7380,vancomycin,clinical_concept,Association,empirical_assertion,1,1,PMID:36102129,Non-neonatal pediatric,Not specified
edge:0208e4e64bc2,concept:3f02509e7e1a,Acute kidney injury,clinical_concept,concept:162e2710b32d,MAKE30,clinical_concept,Outcome,empirical_assertion,1,1,PMID:35624143,Non-neonatal pediatric,General inpatient
edge:06fbb6d1f886,concept:4ac15857ca1d,NSAIDs,clinical_concept,concept:4a168b54caad,postoperative AKI,clinical_concept,Association,empirical_assertion,1,1,PMID:39089953,Non-neonatal pediatric,General inpatient
edge:070c21183ff5,concept:186238cccd6f,Sepsis,clinical_concept,concept:3f02509e7e1a,Acute kidney injury,clinical_concept,Diagnosis or staging,empirical_assertion,1,1,PMID:25861592,Not specified,Sepsis
edge:0885314fbc0f,concept:037c298c139d,CRS,clinical_concept,concept:f7d635cfe882,morbidity and mortality,clinical_concept,Outcome,empirical_assertion,1,1,PMID:40288360,Pediatric age unclear,Not specified
edge:0b77973fa97b,concept:2061ae4227c6,contrast-induced acute kidney injury,clinical_concept,concept:9462d97142c0,Chronic kidney disease,clinical_concept,Risk factor,empirical_assertion,1,1,PMID:40856710,Pediatric age unclear,Not specified
edge:0b9fc777cf98,concept:1da5a27f88be,CA-AKI,clinical_concept,concept:fbfb66c84913,Mortality,clinical_concept,Outcome,empirical_assertion,1,1,PMID:37211887,Non-neonatal pediatric,General inpatient
edge:0bce145e656e,concept:a66769ba9b18,crush syndrome,clinical_concept,concept:fbfb66c84913,Mortality,clinical_concept,Outcome,empirical_assertion,1,1,PMID:40178050,Not specified,Not specified
edge:0e7eceae0c9c,concept:3f02509e7e1a,Acute kidney injury,clinical_concept,concept:517903c4e8fe,hypercalcemia,clinical_concept,Association,empirical_assertion,1,1,PMID:36741088,Non-neonatal pediatric,Not specified
edge:10a48fa450df,concept:5bf3592fe600,continuous renal replacement therapy (CRRT),clinical_concept,concept:d51947a9247d,pediatric patients,clinical_concept,Association,empirical_assertion,1,1,PMID:29597226,Pediatric age unclear,Kidney replacement therapy
edge:11d23e481511,concept:c25c6507b288,Renal resistive index,clinical_concept,concept:3f02509e7e1a,Acute kidney injury,clinical_concept,Monitoring,empirical_assertion,1,1,PMID:42093208,Neonatal,Cardiac surgery
edge:13fc27ace637,concept:66db9e71f7f8,Continuous kidney replacement therapy,clinical_concept,concept:0b6baed8ee51,neonates,clinical_concept,Association,empirical_assertion,1,1,PMID:41023706,Neonatal,Not specified
edge:1434df9ce735,concept:3f02509e7e1a,Acute kidney injury,clinical_concept,concept:59e2545d8c12,renal replacement therapy,clinical_concept,Management or intervention,empirical_assertion,1,1,PMID:36695227,Non-neonatal pediatric,Oncology or transplant
edge:15652cf13ac1,concept:2e7fb04d9222,7-day-old female neonate,clinical_concept,concept:59e2545d8c12,renal replacement therapy,clinical_concept,Management or intervention,empirical_assertion,1,1,PMID:37502478,Neonatal,Kidney replacement therapy
edge:169ae3a6ab3f,concept:6a523a52b63c,Diabetic ketoacidosis,clinical_concept,concept:7bd96b1fd2e3,cerebral edema,clinical_concept,Association,empirical_assertion,1,1,PMID:36174588,Non-neonatal pediatric,Not specified
edge:188661b0376f,concept:162a81bb5a59,CI-AKI,clinical_concept,concept:fbfb66c84913,Mortality,clinical_concept,Outcome,empirical_assertion,1,1,PMID:22033061,Non-neonatal pediatric,PICU
edge:1c0f8c605340,concept:bc55f896955a,milrinone clearance,clinical_concept,concept:66db9e71f7f8,Continuous kidney replacement therapy,clinical_concept,Association,empirical_assertion,1,1,PMID:25860636,Pediatric age unclear,Kidney replacement therapy
edge:1dca2ebf955b,concept:cfed5392e86b,Rhabdomyolysis,clinical_concept,concept:68ea491b092f,acute renal failure,clinical_concept,Association,empirical_assertion,1,1,PMID:28660497,Not specified,Not specified
edge:1ed1ee5e7afd,concept:fbfb66c84913,Mortality,clinical_concept,concept:186238cccd6f,Sepsis,clinical_concept,Outcome,empirical_assertion,1,1,PMID:42547621,Non-neonatal pediatric,Oncology or transplant
edge:20ce0237c8e2,concept:faead1afc0f7,TyG index,clinical_concept,concept:1cc152716766,severe AKI,clinical_concept,Association,empirical_assertion,1,1,PMID:41079204,Non-neonatal pediatric,PICU
edge:221dd3500731,concept:3ae2e469c093,underweight,clinical_concept,concept:29166f0942dc,fluid overload,clinical_concept,Association,empirical_assertion,1,1,PMID:32620676,Non-neonatal pediatric,General inpatient
edge:227c835e5d99,concept:5968f4edfd74,CS-AKI,clinical_concept,concept:9462d97142c0,Chronic kidney disease,clinical_concept,Association,empirical_assertion,1,1,PMID:32500246,Neonatal,Cardiac surgery
edge:227cb0ec9998,concept:c324fd366ebb,Serum creatinine,clinical_concept,concept:3f02509e7e1a,Acute kidney injury,clinical_concept,Risk factor,empirical_assertion,1,1,PMID:33492454,Pediatric age unclear,Not specified
edge:2306b76c49b0,concept:5c76a77d0978,indomethacin,clinical_concept,concept:3f02509e7e1a,Acute kidney injury,clinical_concept,Association,empirical_assertion,1,1,PMID:36786780,Neonatal,Not specified
edge:25c785f5c76d,concept:b2a03bf05d09,She,clinical_concept,concept:3f02509e7e1a,Acute kidney injury,clinical_concept,Management or intervention,empirical_assertion,1,1,PMID:35351784,Non-neonatal pediatric,Not specified
edge:26acb8f60bac,concept:66db9e71f7f8,Continuous kidney replacement therapy,clinical_concept,concept:fe7cce6fba96,ECMO,clinical_concept,Association,empirical_assertion,1,1,PMID:33967449,Non-neonatal pediatric,Not specified
edge:275dabda6eca,concept:3f02509e7e1a,Acute kidney injury,clinical_concept,concept:c324fd366ebb,Serum creatinine,clinical_concept,Association,empirical_assertion,1,1,PMID:39359743,Non-neonatal pediatric,General inpatient
edge:27a031d7f71e,concept:a63ddc4be1f1,pre-eclampsia,clinical_concept,concept:3f02509e7e1a,Acute kidney injury,clinical_concept,Risk factor,empirical_assertion,1,1,PMID:39336527,Explicitly non-pediatric,General inpatient
edge:28d1e19009f3,concept:87e1d940cf2f,biomarkers,clinical_concept,concept:3f02509e7e1a,Acute kidney injury,clinical_concept,Uncertain relation,empirical_assertion,1,1,PMID:33140691,Neonatal,Cardiac surgery
edge:2981eba593eb,concept:222e14394aeb,rhabdomyolysis,clinical_concept,concept:68ea491b092f,acute renal failure,clinical_concept,Association,empirical_assertion,1,1,PMID:42629679,Non-neonatal pediatric,General inpatient
edge:2b76c6babd04,concept:3f02509e7e1a,Acute kidney injury,clinical_concept,concept:68ea491b092f,acute renal failure,clinical_concept,Association,empirical_assertion,1,1,PMID:22923149,Not specified,Not specified
edge:2bd51b06fa08,concept:95ef3a63a17f,midodrine,clinical_concept,concept:c324fd366ebb,Serum creatinine,clinical_concept,Outcome,empirical_assertion,1,1,PMID:38374552,Non-neonatal pediatric,Not specified
edge:2c45694cb2b5,concept:3f02509e7e1a,Acute kidney injury,clinical_concept,concept:162e2710b32d,MAKE30,clinical_concept,Association,empirical_assertion,1,1,PMID:35041037,Non-neonatal pediatric,PICU
edge:2ed0aff72484,concept:2247e02f778d,Hypertension,clinical_concept,concept:eb6330a5cf69,Hemolytic uremic syndrome,clinical_concept,Association,empirical_assertion,1,1,PMID:41281162,Non-neonatal pediatric,General inpatient
edge:2f5739246f76,concept:2afed6846cf8,intra-operative urine output,clinical_concept,concept:4a168b54caad,postoperative AKI,clinical_concept,Uncertain relation,empirical_assertion,1,1,PMID:39021216,Non-neonatal pediatric,Cardiac surgery
edge:321d5574b841,concept:4f4a351f26a7,Fluid overload,clinical_concept,concept:f7d635cfe882,morbidity and mortality,clinical_concept,Prediction,empirical_assertion,1,1,PMID:35882026,Non-neonatal pediatric,Cardiac surgery
edge:32dd8073c92c,concept:1da5a27f88be,CA-AKI,clinical_concept,concept:9462d97142c0,Chronic kidney disease,clinical_concept,Outcome,empirical_assertion,1,1,PMID:37211887,Non-neonatal pediatric,General inpatient
edge:3384921b70d9,concept:bb9e4feba6bc,prediction model,clinical_concept,concept:966ac4713e4b,dialysis,clinical_concept,Prediction,empirical_assertion,1,1,PMID:39991652,Non-neonatal pediatric,General inpatient
edge:3417610d4a07,concept:6a523a52b63c,Diabetic ketoacidosis,clinical_concept,concept:59e2545d8c12,renal replacement therapy,clinical_concept,Management or intervention,empirical_assertion,1,1,PMID:32863643,Non-neonatal pediatric,Kidney replacement therapy
edge:3421e949a876,concept:4276166e23d9,eGFR,clinical_concept,concept:2f4a93b710bc,CIN-AKI,clinical_concept,Association,empirical_assertion,1,1,PMID:29743906,Non-neonatal pediatric,Cardiac surgery
edge:3489580ec573,concept:72fabde7d614,pregnancy-associated acute kidney injury,clinical_concept,concept:a63ddc4be1f1,pre-eclampsia,clinical_concept,Association,empirical_assertion,1,1,PMID:40771755,Not specified,Not specified
edge:34925fb9888b,concept:3f02509e7e1a,Acute kidney injury,clinical_concept,concept:0b6baed8ee51,neonates,clinical_concept,Risk factor,empirical_assertion,1,1,PMID:37843143,Neonatal,Not specified
edge:351792296f67,concept:5dc56b9aab61,age,clinical_concept,concept:9462d97142c0,Chronic kidney disease,clinical_concept,Risk factor,empirical_assertion,1,1,PMID:41786346,Non-neonatal pediatric,Not specified
edge:362c04783006,concept:c324fd366ebb,Serum creatinine,clinical_concept,concept:2f4a93b710bc,CIN-AKI,clinical_concept,Association,empirical_assertion,1,1,PMID:29743906,Non-neonatal pediatric,Cardiac surgery
edge:36c4fe165857,concept:be594bc0b9db,renal function,clinical_concept,concept:3f02509e7e1a,Acute kidney injury,clinical_concept,Monitoring,empirical_assertion,1,1,PMID:41270666,Non-neonatal pediatric,Not specified
edge:37585767358d,concept:5968f4edfd74,CS-AKI,clinical_concept,concept:a67cfd9b7a0b,in-hospital mortality,clinical_concept,Outcome,empirical_assertion,1,1,PMID:26022019,Pediatric age unclear,Cardiac surgery
edge:37d3ec21f6e4,concept:90eace7f13ff,Kidney replacement therapy,clinical_concept,concept:3f02509e7e1a,Acute kidney injury,clinical_concept,Management or intervention,empirical_assertion,1,1,PMID:29643888,Non-neonatal pediatric,PICU
edge:3820996ca133,concept:90eace7f13ff,Kidney replacement therapy,clinical_concept,concept:a5e582c4947e,severe acute kidney injury,clinical_concept,Management or intervention,empirical_assertion,1,1,PMID:34668064,Not specified,Kidney replacement therapy
edge:3861c891f192,concept:186238cccd6f,Sepsis,clinical_concept,concept:1da5a27f88be,CA-AKI,clinical_concept,Association,empirical_assertion,1,1,PMID:37211887,Non-neonatal pediatric,Sepsis
edge:3967d5c19128,concept:9462d97142c0,Chronic kidney disease,clinical_concept,concept:66db9e71f7f8,Continuous kidney replacement therapy,clinical_concept,Outcome,empirical_assertion,1,1,PMID:42101970,Non-neonatal pediatric,Kidney replacement therapy
edge:3b022c42dfc3,concept:3f02509e7e1a,Acute kidney injury,clinical_concept,concept:c324fd366ebb,Serum creatinine,clinical_concept,Monitoring,empirical_assertion,1,1,PMID:28532189,Not specified,Not specified
edge:3b03a004fecc,concept:5dc56b9aab61,age,clinical_concept,concept:1b43259e3df5,28-day mortality,clinical_concept,Prediction,empirical_assertion,1,1,PMID:41854309,Not specified,Not specified
edge:3b37c38700fa,concept:fbfb66c84913,Mortality,clinical_concept,concept:32a6eb16dd8b,AKI stages,clinical_concept,Association,empirical_assertion,1,1,PMID:34742257,Non-neonatal pediatric,Not specified
edge:3d8321c170be,concept:0a1913b09d78,aHUS,clinical_concept,concept:40be4d85008a,incidence,clinical_concept,Association,empirical_assertion,1,1,PMID:26498648,Non-neonatal pediatric,Not specified
edge:3de9d45fc9a5,concept:dd04daa49c1d,Baclofen,clinical_concept,concept:3f02509e7e1a,Acute kidney injury,clinical_concept,Management or intervention,empirical_assertion,1,1,PMID:32637443,Non-neonatal pediatric,Not specified
edge:3e96d168eb3c,concept:32a6eb16dd8b,AKI stages,clinical_concept,concept:bc55f896955a,milrinone clearance,clinical_concept,Prediction,empirical_assertion,1,1,PMID:30607889,Non-neonatal pediatric,Cardiac surgery
edge:3f7d136d76e4,concept:4ac15857ca1d,NSAIDs,clinical_concept,concept:4c2bea2ab375,kidney function,clinical_concept,Monitoring,empirical_assertion,1,1,PMID:40402224,Neonatal,Not specified
edge:4029e269cbbd,concept:72fabde7d614,pregnancy-associated acute kidney injury,clinical_concept,concept:40be4d85008a,incidence,clinical_concept,Association,empirical_assertion,1,1,PMID:40771755,Not specified,Not specified
edge:40d756e7903f,concept:44861e186e12,KIM-1,clinical_concept,concept:3f02509e7e1a,Acute kidney injury,clinical_concept,Diagnosis or staging,empirical_assertion,1,1,PMID:25970334,Not specified,Not specified
edge:41467539288a,concept:03e5ee22cc19,HELLP syndrome,clinical_concept,concept:3f02509e7e1a,Acute kidney injury,clinical_concept,Risk factor,empirical_assertion,1,1,PMID:41430585,Not specified,Not specified
edge:42d3221fbc2b,concept:be11a870acf0,7-year-old girl,clinical_concept,concept:3f02509e7e1a,Acute kidney injury,clinical_concept,Diagnosis or staging,empirical_assertion,1,1,PMID:29054981,Non-neonatal pediatric,General inpatient
edge:4320a75fadab,concept:e60a6cfa0bb4,fluid balance,clinical_concept,concept:3f02509e7e1a,Acute kidney injury,clinical_concept,Diagnosis or staging,empirical_assertion,1,1,PMID:37861865,Pediatric age unclear,Not specified
edge:43297c907bdf,concept:b5b44b9e3ed5,mechanical ventilation,clinical_concept,concept:3f02509e7e1a,Acute kidney injury,clinical_concept,Risk factor,empirical_assertion,1,1,PMID:41937187,Non-neonatal pediatric,PICU
edge:44d42edd7edb,concept:9462d97142c0,Chronic kidney disease,clinical_concept,concept:3f02509e7e1a,Acute kidney injury,clinical_concept,Association,empirical_assertion,1,1,PMID:39089953,Non-neonatal pediatric,General inpatient
edge:4650da8e0049,concept:5968f4edfd74,CS-AKI,clinical_concept,concept:ef0055aa3063,hypertension,clinical_concept,Association,empirical_assertion,1,1,PMID:32500246,Neonatal,Cardiac surgery
edge:468f81af9398,concept:66db9e71f7f8,Continuous kidney replacement therapy,clinical_concept,concept:fbfb66c84913,Mortality,clinical_concept,Outcome,empirical_assertion,1,1,PMID:30078024,Non-neonatal pediatric,PICU
edge:46b402c1f685,concept:29166f0942dc,fluid overload,clinical_concept,concept:3f02509e7e1a,Acute kidney injury,clinical_concept,Risk factor,empirical_assertion,1,1,PMID:37921951,Non-neonatal pediatric,PICU
edge:47142a300d36,concept:d51947a9247d,pediatric patients,clinical_concept,concept:966ac4713e4b,dialysis,clinical_concept,Association,empirical_assertion,1,1,PMID:34009465,Pediatric age unclear,Not specified
edge:48aba71ff7bc,concept:06901dda33a5,HRS-AKI,clinical_concept,concept:186238cccd6f,Sepsis,clinical_concept,Association,empirical_assertion,1,1,PMID:41711944,Non-neonatal pediatric,Sepsis
edge:494160106b14,concept:2afed6846cf8,intra-operative urine output,clinical_concept,concept:4a168b54caad,postoperative AKI,clinical_concept,Association,empirical_assertion,1,1,PMID:39021216,Non-neonatal pediatric,Cardiac surgery
edge:49a51c1e6357,concept:daa4e10d4f1f,Peritoneal dialysis,clinical_concept,concept:83041302c0a8,infants,clinical_concept,Association,empirical_assertion,1,1,PMID:36227440,Neonatal,Not specified
edge:4a9eab6b8a87,concept:4a168b54caad,postoperative AKI,clinical_concept,concept:fbfb66c84913,Mortality,clinical_concept,Risk factor,empirical_assertion,1,1,PMID:26645967,Not specified,General inpatient
edge:4ae473403ed8,concept:5968f4edfd74,CS-AKI,clinical_concept,concept:fbfb66c84913,Mortality,clinical_concept,Outcome,empirical_assertion,1,1,PMID:34540775,Pediatric age unclear,Cardiac surgery
edge:4ba945d81245,concept:0b6baed8ee51,neonates,clinical_concept,concept:5968f4edfd74,CS-AKI,clinical_concept,Outcome,empirical_assertion,1,1,PMID:37933788,Neonatal,Cardiac surgery
edge:4c632f5110c0,concept:1c4c20aa95a2,polymyxin B,clinical_concept,concept:3f02509e7e1a,Acute kidney injury,clinical_concept,Association,empirical_assertion,1,1,PMID:35401193,Non-neonatal pediatric,PICU
edge:4cf90455afd8,concept:29166f0942dc,fluid overload,clinical_concept,concept:9d7e5b0836f2,adverse outcomes,clinical_concept,Association,empirical_assertion,1,1,PMID:36821787,Non-neonatal pediatric,PICU
edge:4da2049437ad,concept:0150705d6583,Neonatal AKI,clinical_concept,concept:fbfb66c84913,Mortality,clinical_concept,Association,empirical_assertion,1,1,PMID:36481130,Neonatal,Not specified
edge:4dfa9d9206af,concept:e6bd2a03ca8f,preterm infants,clinical_concept,concept:3f02509e7e1a,Acute kidney injury,clinical_concept,Association,empirical_assertion,1,1,PMID:41216939,Neonatal,Not specified
edge:4ef8f3e3a1db,concept:7a4eb8dff375,infant,clinical_concept,concept:daa4e10d4f1f,Peritoneal dialysis,clinical_concept,Management or intervention,empirical_assertion,1,1,PMID:30560448,Neonatal,General inpatient
edge:4fd1a1dfcbf6,concept:b98555890ded,ApoA5,clinical_concept,concept:fbfb66c84913,Mortality,clinical_concept,Association,empirical_assertion,1,1,PMID:32322166,Non-neonatal pediatric,PICU
edge:5009fc3c1ffc,concept:4878d7fbf8e1,Postinfectious glomerulonephritis (PIGN),clinical_concept,concept:3f02509e7e1a,Acute kidney injury,clinical_concept,Association,empirical_assertion,1,1,PMID:41353101,Non-neonatal pediatric,Not specified
edge:5106b621b28a,concept:3f02509e7e1a,Acute kidney injury,clinical_concept,concept:ac5779b12a77,IVH,clinical_concept,Risk factor,empirical_assertion,1,1,PMID:31461717,Neonatal,General inpatient
edge:514f67307d60,concept:4276166e23d9,eGFR,clinical_concept,concept:3f02509e7e1a,Acute kidney injury,clinical_concept,Monitoring,empirical_assertion,1,1,PMID:34300278,Non-neonatal pediatric,Not specified
edge:5193aae590d3,concept:da9923b574d7,patients with AKI,clinical_concept,concept:5501c332f08d,hospital mortality,clinical_concept,Outcome,empirical_assertion,1,1,PMID:26398704,Not specified,Sepsis
edge:52393308d9df,concept:3f02509e7e1a,Acute kidney injury,clinical_concept,concept:40be4d85008a,incidence,clinical_concept,Diagnosis or staging,empirical_assertion,1,1,PMID:29590376,Non-neonatal pediatric,Not specified
edge:52576511fcbc,concept:ac7142059aaf,passive cooling,clinical_concept,concept:3f02509e7e1a,Acute kidney injury,clinical_concept,Association,empirical_assertion,1,1,PMID:39605197,Neonatal,PICU
edge:52cc85953cc7,concept:66db9e71f7f8,Continuous kidney replacement therapy,clinical_concept,concept:60c211760c7c,multiple organ dysfunction syndromes,clinical_concept,Management or intervention,empirical_assertion,1,1,PMID:41023706,Neonatal,PICU
edge:533a00466d95,concept:b5b44b9e3ed5,mechanical ventilation,clinical_concept,concept:e60a6cfa0bb4,fluid balance,clinical_concept,Association,empirical_assertion,1,1,PMID:34727245,Neonatal,PICU
edge:564bb9768592,concept:c94bac1a8dbd,Carnitine palmitoyltransferase II (CPT2) deficiency,clinical_concept,concept:3f02509e7e1a,Acute kidney injury,clinical_concept,Association,empirical_assertion,1,1,PMID:39473663,Non-neonatal pediatric,Not specified
edge:569f258febe5,concept:87e1d940cf2f,biomarkers,clinical_concept,concept:3f02509e7e1a,Acute kidney injury,clinical_concept,Prediction,empirical_assertion,1,1,PMID:37889281,Pediatric age unclear,Not specified
edge:56aac9795131,concept:eb6330a5cf69,Hemolytic uremic syndrome,clinical_concept,concept:3f02509e7e1a,Acute kidney injury,clinical_concept,Diagnosis or staging,empirical_assertion,1,1,PMID:37560408,Pediatric age unclear,Not specified
edge:58968cfd1961,concept:156be6eb85c9,HUS,clinical_concept,concept:3f02509e7e1a,Acute kidney injury,clinical_concept,Association,empirical_assertion,1,1,PMID:26498648,Non-neonatal pediatric,Not specified
edge:58d7e72edc78,concept:3f02509e7e1a,Acute kidney injury,clinical_concept,concept:04a3a8cdc90f,Cardiac surgery,clinical_concept,Outcome,empirical_assertion,1,1,PMID:42121090,Pediatric age unclear,Cardiac surgery
edge:5960d0183150,concept:e60a6cfa0bb4,fluid balance,clinical_concept,concept:3f02509e7e1a,Acute kidney injury,clinical_concept,Association,empirical_assertion,1,1,PMID:37861865,Pediatric age unclear,Not specified
edge:597010f67418,concept:ef2a9264a999,7-year-old male,clinical_concept,concept:19ac73a03254,end-stage renal disease,clinical_concept,Association,empirical_assertion,1,1,PMID:34907635,Non-neonatal pediatric,Not specified
edge:59b75ce045a5,concept:6670fd44fff1,neonatal AKI,clinical_concept,concept:9462d97142c0,Chronic kidney disease,clinical_concept,Outcome,empirical_assertion,1,1,PMID:41236623,Neonatal,Not specified
edge:59f05ea1f841,concept:c42d80666e91,neutrophil gelatinase-associated lipocalin,clinical_concept,concept:3f02509e7e1a,Acute kidney injury,clinical_concept,Diagnosis or staging,empirical_assertion,1,1,PMID:28889829,Neonatal,Cardiac surgery
edge:5a00a51a1b5d,concept:faead1afc0f7,TyG index,clinical_concept,concept:3f02509e7e1a,Acute kidney injury,clinical_concept,Risk factor,empirical_assertion,1,1,PMID:41079204,Non-neonatal pediatric,PICU
edge:5b501b367e41,concept:fbfb66c84913,Mortality,clinical_concept,concept:dbe170b1ac75,KDIGO,clinical_concept,Outcome,empirical_assertion,1,1,PMID:35466638,Non-neonatal pediatric,PICU
edge:5c6111d5e56a,concept:0b6baed8ee51,neonates,clinical_concept,concept:01db9c235376,creatinine,clinical_concept,Monitoring,empirical_assertion,1,1,PMID:38084834,Neonatal,General inpatient
edge:5cc9a1859e6e,concept:c324fd366ebb,Serum creatinine,clinical_concept,concept:b2c3a81e8092,neonatal acute kidney injury,clinical_concept,Diagnosis or staging,empirical_assertion,1,1,PMID:34061255,Neonatal,General inpatient
edge:5e58fbe24b24,concept:044d4ce1cd53,gut microbiota,clinical_concept,concept:3f02509e7e1a,Acute kidney injury,clinical_concept,Association,empirical_assertion,1,1,PMID:38301724,Not specified,Not specified
edge:600edd1b5b5f,concept:1b67e14fca16,90-day mortality,clinical_concept,concept:3f02509e7e1a,Acute kidney injury,clinical_concept,Association,empirical_assertion,1,1,PMID:42174204,Non-neonatal pediatric,Sepsis
edge:6122d11e03eb,concept:6a523a52b63c,Diabetic ketoacidosis,clinical_concept,concept:3f02509e7e1a,Acute kidney injury,clinical_concept,Risk factor,empirical_assertion,1,1,PMID:36185097,Non-neonatal pediatric,Not specified
edge:629841672135,concept:7b0261c11888,therapeutic hypothermia,clinical_concept,concept:3f02509e7e1a,Acute kidney injury,clinical_concept,Outcome,empirical_assertion,1,1,PMID:26456813,Neonatal,General inpatient
edge:631773fe983b,concept:04a3a8cdc90f,Cardiac surgery,clinical_concept,concept:3f02509e7e1a,Acute kidney injury,clinical_concept,Risk factor,empirical_assertion,1,1,PMID:40533280,Pediatric age unclear,Cardiac surgery
edge:63867284b303,concept:5f1b5d8e8f8c,SA-AKI,clinical_concept,concept:186238cccd6f,Sepsis,clinical_concept,Association,empirical_assertion,1,1,PMID:26399271,Non-neonatal pediatric,Sepsis
edge:63f3d836d603,concept:d10b7b3c40cc,NORAD,clinical_concept,concept:3f02509e7e1a,Acute kidney injury,clinical_concept,Association,empirical_assertion,1,1,PMID:35255377,Non-neonatal pediatric,Sepsis
edge:6565ed81272a,concept:877092f761a5,5-year-old male child,clinical_concept,concept:3f02509e7e1a,Acute kidney injury,clinical_concept,Diagnosis or staging,empirical_assertion,1,1,PMID:39291530,Non-neonatal pediatric,General inpatient
edge:656ef5f474e9,concept:e60a6cfa0bb4,fluid balance,clinical_concept,concept:3f02509e7e1a,Acute kidney injury,clinical_concept,Management or intervention,empirical_assertion,1,1,PMID:37861865,Pediatric age unclear,Not specified
edge:65dd4ef3a4e1,concept:4f4a351f26a7,Fluid overload,clinical_concept,concept:fbfb66c84913,Mortality,clinical_concept,Association,empirical_assertion,1,1,PMID:29128923,Neonatal,Cardiac surgery
edge:66b5e722475c,concept:0d9bd6b5d986,vancomycin plus piperacillin-tazobactam,clinical_concept,concept:3f02509e7e1a,Acute kidney injury,clinical_concept,Risk factor,empirical_assertion,1,1,PMID:34864693,Neonatal,PICU
edge:69dd63365fa2,concept:222e14394aeb,rhabdomyolysis,clinical_concept,concept:3f02509e7e1a,Acute kidney injury,clinical_concept,Risk factor,empirical_assertion,1,1,PMID:26590948,Not specified,Not specified
edge:6e57b4b8c676,concept:3f02509e7e1a,Acute kidney injury,clinical_concept,concept:fe7cce6fba96,ECMO,clinical_concept,Risk factor,empirical_assertion,1,1,PMID:36949287,Neonatal,General inpatient
edge:6f0b126d03ea,concept:1cd91b92b952,renal failure,clinical_concept,concept:186238cccd6f,Sepsis,clinical_concept,Risk factor,empirical_assertion,1,1,PMID:24408224,Non-neonatal pediatric,Sepsis
edge:7028af632d7b,concept:01db9c235376,creatinine,clinical_concept,concept:3f02509e7e1a,Acute kidney injury,clinical_concept,Diagnosis or staging,empirical_assertion,1,1,PMID:39081695,Non-neonatal pediatric,General inpatient
edge:71858b4fd65f,concept:b2a03bf05d09,She,clinical_concept,concept:3f02509e7e1a,Acute kidney injury,clinical_concept,Outcome,empirical_assertion,1,1,PMID:35351784,Non-neonatal pediatric,Not specified
edge:735bcbc0b424,concept:037c298c139d,CRS,clinical_concept,concept:fbfb66c84913,Mortality,clinical_concept,Risk factor,empirical_assertion,1,1,PMID:40288360,Pediatric age unclear,Not specified
edge:744ab104525e,concept:c25c6507b288,Renal resistive index,clinical_concept,concept:3f02509e7e1a,Acute kidney injury,clinical_concept,Risk factor,empirical_assertion,1,1,PMID:42093208,Neonatal,Cardiac surgery
edge:74521526619b,concept:0150705d6583,Neonatal AKI,clinical_concept,concept:fbfb66c84913,Mortality,clinical_concept,Risk factor,empirical_assertion,1,1,PMID:41663237,Neonatal,General inpatient
edge:766fdb09f7ba,concept:42b89a6b7380,vancomycin,clinical_concept,concept:c4847974da78,nephrotoxicity,clinical_concept,Association,empirical_assertion,1,1,PMID:36452916,Non-neonatal pediatric,Not specified
edge:76a1fe64e557,concept:2afed6846cf8,intra-operative urine output,clinical_concept,concept:821dea596ce1,postoperative acute kidney injury,clinical_concept,Prediction,empirical_assertion,1,1,PMID:39021216,Explicitly non-pediatric,Cardiac surgery
edge:7867894b1762,concept:b253b8446dc6,cardiac surgery-associated acute kidney injury,clinical_concept,concept:04a3a8cdc90f,Cardiac surgery,clinical_concept,Association,empirical_assertion,1,1,PMID:26119410,Not specified,Cardiac surgery
edge:7888feab28db,concept:c324fd366ebb,Serum creatinine,clinical_concept,concept:fbfb66c84913,Mortality,clinical_concept,Association,empirical_assertion,1,1,PMID:41039427,Non-neonatal pediatric,Not specified
edge:7a89437feea5,concept:511d9f099a20,Neutrophil gelatinase-associated lipocalin,clinical_concept,concept:b253b8446dc6,cardiac surgery-associated acute kidney injury,clinical_concept,Diagnosis or staging,empirical_assertion,1,1,PMID:26094017,Neonatal,Cardiac surgery
edge:7bbd6bbe63f8,concept:97538d771d18,uNGAL,clinical_concept,concept:3f02509e7e1a,Acute kidney injury,clinical_concept,Association,empirical_assertion,1,1,PMID:40025594,Neonatal,Not specified
edge:7c10a0807e04,concept:b84169bad39c,L-FABP,clinical_concept,concept:3f02509e7e1a,Acute kidney injury,clinical_concept,Diagnosis or staging,empirical_assertion,1,1,PMID:34499739,Non-neonatal pediatric,Not specified
edge:7da793f120a2,concept:7a4eb8dff375,infant,clinical_concept,concept:5bf3592fe600,continuous renal replacement therapy (CRRT),clinical_concept,Management or intervention,empirical_assertion,1,1,PMID:41030581,Neonatal,General inpatient
edge:7e4e0ff0eb68,concept:3f02509e7e1a,Acute kidney injury,clinical_concept,concept:6a523a52b63c,Diabetic ketoacidosis,clinical_concept,Association,empirical_assertion,1,1,PMID:42032940,Non-neonatal pediatric,PICU
edge:7ed198d0187f,concept:4ac15857ca1d,NSAIDs,clinical_concept,concept:3f02509e7e1a,Acute kidney injury,clinical_concept,Risk factor,empirical_assertion,1,1,PMID:25503987,Not specified,Not specified
edge:805ca3558ee3,concept:daa4e10d4f1f,Peritoneal dialysis,clinical_concept,concept:da9923b574d7,patients with AKI,clinical_concept,Management or intervention,empirical_assertion,1,1,PMID:34869123,Neonatal,Not specified
edge:80753c4e9309,concept:511d9f099a20,Neutrophil gelatinase-associated lipocalin,clinical_concept,concept:3f02509e7e1a,Acute kidney injury,clinical_concept,Diagnosis or staging,empirical_assertion,1,1,PMID:26094017,Not specified,Cardiac surgery
edge:80bf95b458ae,concept:d56990b2d044,uKIM-1/cr,clinical_concept,concept:3f02509e7e1a,Acute kidney injury,clinical_concept,Association,empirical_assertion,1,1,PMID:32828685,Neonatal,Sepsis
edge:81153efc8e18,concept:83041302c0a8,infants,clinical_concept,concept:3f02509e7e1a,Acute kidney injury,clinical_concept,Outcome,empirical_assertion,1,1,PMID:38808996,Non-neonatal pediatric,Cardiac surgery
edge:822bbbea3d9a,concept:fe7cce6fba96,ECMO,clinical_concept,concept:3f02509e7e1a,Acute kidney injury,clinical_concept,Association,empirical_assertion,1,1,PMID:36949287,Neonatal,General inpatient
edge:84c794a1102c,concept:44b04110b9cf,Sepsis-associated acute kidney injury,clinical_concept,concept:6df5cad550fc,poor outcomes,clinical_concept,Association,empirical_assertion,1,1,PMID:38977444,Non-neonatal pediatric,Sepsis
edge:8523fc5dfec5,concept:29166f0942dc,fluid overload,clinical_concept,concept:3f02509e7e1a,Acute kidney injury,clinical_concept,Diagnosis or staging,empirical_assertion,1,1,PMID:27900473,Not specified,Not specified
edge:86268d41d857,concept:b98555890ded,ApoA5,clinical_concept,concept:fbfb66c84913,Mortality,clinical_concept,Prediction,empirical_assertion,1,1,PMID:32322166,Non-neonatal pediatric,PICU
edge:89d378952137,concept:03e5ee22cc19,HELLP syndrome,clinical_concept,concept:3f02509e7e1a,Acute kidney injury,clinical_concept,Association,empirical_assertion,1,1,PMID:39290922,Not specified,Not specified
edge:8a4774b401e8,concept:daa4e10d4f1f,Peritoneal dialysis,clinical_concept,concept:fbfb66c84913,Mortality,clinical_concept,Risk factor,empirical_assertion,1,1,PMID:40125260,Neonatal,Cardiac surgery
edge:8b4a107b3d59,concept:3f02509e7e1a,Acute kidney injury,clinical_concept,concept:4276166e23d9,eGFR,clinical_concept,Association,empirical_assertion,1,1,PMID:36227434,Non-neonatal pediatric,General inpatient
edge:8bb500ba217b,concept:5968f4edfd74,CS-AKI,clinical_concept,concept:c044de379dff,Kidney Disease: Improving Global Outcomes criteria,clinical_concept,Diagnosis or staging,empirical_assertion,1,1,PMID:41212047,Non-neonatal pediatric,Cardiac surgery
edge:8bce9c8e2e8e,concept:ac7142059aaf,passive cooling,clinical_concept,concept:9462d97142c0,Chronic kidney disease,clinical_concept,Association,empirical_assertion,1,1,PMID:39605197,Neonatal,Not specified
edge:8ccb71ca84be,concept:044d4ce1cd53,gut microbiota,clinical_concept,concept:968aa235c254,nAKI,clinical_concept,Management or intervention,empirical_assertion,1,1,PMID:38301724,Neonatal,Not specified
edge:8df41a08a7f5,concept:c25c6507b288,Renal resistive index,clinical_concept,concept:3f02509e7e1a,Acute kidney injury,clinical_concept,Association,empirical_assertion,1,1,PMID:42093208,Neonatal,Cardiac surgery
edge:9062cd31600e,concept:222e14394aeb,rhabdomyolysis,clinical_concept,concept:9462d97142c0,Chronic kidney disease,clinical_concept,Association,empirical_assertion,1,1,PMID:41146051,Non-neonatal pediatric,Not specified
edge:91ce02a6a54a,concept:66db9e71f7f8,Continuous kidney replacement therapy,clinical_concept,concept:da9923b574d7,patients with AKI,clinical_concept,Management or intervention,empirical_assertion,1,1,PMID:34869123,Neonatal,Not specified
edge:920011d79673,concept:01db9c235376,creatinine,clinical_concept,concept:3f02509e7e1a,Acute kidney injury,clinical_concept,Association,empirical_assertion,1,1,PMID:30395106,Neonatal,Cardiac surgery
edge:94327d3dfb5c,concept:dd04daa49c1d,Baclofen,clinical_concept,concept:3f02509e7e1a,Acute kidney injury,clinical_concept,Association,empirical_assertion,1,1,PMID:32637443,Non-neonatal pediatric,Not specified
edge:946fd8e6c19f,concept:7a4eb8dff375,infant,clinical_concept,concept:3f02509e7e1a,Acute kidney injury,clinical_concept,Diagnosis or staging,empirical_assertion,1,1,PMID:41030581,Neonatal,General inpatient
edge:965d9e01bd54,concept:8206bbb079af,cardiorenal syndrome,clinical_concept,concept:d51947a9247d,pediatric patients,clinical_concept,Association,empirical_assertion,1,1,PMID:23010840,Non-neonatal pediatric,Not specified
edge:96f53bd0baca,concept:95ef3a63a17f,midodrine,clinical_concept,concept:bacdca30ec80,new-onset acute kidney injury,clinical_concept,Outcome,empirical_assertion,1,1,PMID:38374552,Non-neonatal pediatric,Not specified
edge:97d3fe77c89c,concept:3f02509e7e1a,Acute kidney injury,clinical_concept,concept:9462d97142c0,Chronic kidney disease,clinical_concept,Diagnosis or staging,empirical_assertion,1,1,PMID:40870964,Pediatric age unclear,Not specified
edge:982e3e80e54e,concept:4ac15857ca1d,NSAIDs,clinical_concept,concept:3f02509e7e1a,Acute kidney injury,clinical_concept,Association,empirical_assertion,1,1,PMID:39089953,Non-neonatal pediatric,General inpatient
edge:9890a2232196,concept:3f02509e7e1a,Acute kidney injury,clinical_concept,concept:a67cfd9b7a0b,in-hospital mortality,clinical_concept,Association,empirical_assertion,1,1,PMID:22773594,Not specified,PICU
edge:98dae1adb39d,concept:7b0261c11888,therapeutic hypothermia,clinical_concept,concept:b5b44b9e3ed5,mechanical ventilation,clinical_concept,Outcome,empirical_assertion,1,1,PMID:37669450,Non-neonatal pediatric,PICU
edge:9917a20b0c38,concept:42abe1123034,cidofovir,clinical_concept,concept:c4847974da78,nephrotoxicity,clinical_concept,Association,empirical_assertion,1,1,PMID:28419263,Not specified,Not specified
edge:99853545d0e7,concept:c324fd366ebb,Serum creatinine,clinical_concept,concept:3f02509e7e1a,Acute kidney injury,clinical_concept,Outcome,empirical_assertion,1,1,PMID:34021797,Non-neonatal pediatric,General inpatient
edge:99a05cc4cebb,concept:9359273b50a4,SCD,clinical_concept,concept:3f02509e7e1a,Acute kidney injury,clinical_concept,Management or intervention,empirical_assertion,1,1,PMID:40319883,Non-neonatal pediatric,Kidney replacement therapy
edge:9a612023859d,concept:32a6eb16dd8b,AKI stages,clinical_concept,concept:a67cfd9b7a0b,in-hospital mortality,clinical_concept,Association,empirical_assertion,1,1,PMID:35198918,Non-neonatal pediatric,Not specified
edge:9bf9b16e2567,concept:989fe9aa79c0,NGAL,clinical_concept,concept:98c2443d3f14,cardiac surgery-associated acute kidney injury (CSA-AKI),clinical_concept,Prediction,empirical_assertion,1,1,PMID:27906719,Non-neonatal pediatric,Cardiac surgery
edge:9c1219c4bf47,concept:bc55f896955a,milrinone clearance,clinical_concept,concept:3f02509e7e1a,Acute kidney injury,clinical_concept,Association,empirical_assertion,1,1,PMID:25860636,Pediatric age unclear,Not specified
edge:9cd594a84f3f,concept:a5cc06456c35,NEC,clinical_concept,concept:3f02509e7e1a,Acute kidney injury,clinical_concept,Association,empirical_assertion,1,1,PMID:35978106,Neonatal,General inpatient
edge:9cfe1d4ee1ba,concept:3b81417c9b72,SCLS,clinical_concept,concept:3f02509e7e1a,Acute kidney injury,clinical_concept,Association,empirical_assertion,1,1,PMID:41514342,Non-neonatal pediatric,PICU
edge:9d750c38f21f,concept:3f02509e7e1a,Acute kidney injury,clinical_concept,concept:a67cfd9b7a0b,in-hospital mortality,clinical_concept,Outcome,empirical_assertion,1,1,PMID:42470123,Neonatal,Not specified
edge:9d94e6afe9d8,concept:04a3a8cdc90f,Cardiac surgery,clinical_concept,concept:3f02509e7e1a,Acute kidney injury,clinical_concept,Association,empirical_assertion,1,1,PMID:23201106,Not specified,Cardiac surgery
edge:9dbd2a6b8ac0,concept:ebcb3fbb8865,eculizumab,clinical_concept,concept:3f02509e7e1a,Acute kidney injury,clinical_concept,Management or intervention,empirical_assertion,1,1,PMID:25816809,Neonatal,General inpatient
edge:9e3d2e2a07ae,concept:e5c826f41729,AKD,clinical_concept,concept:3f02509e7e1a,Acute kidney injury,clinical_concept,Association,empirical_assertion,1,1,PMID:35676902,Non-neonatal pediatric,General inpatient
edge:a1b99f77fae8,concept:66db9e71f7f8,Continuous kidney replacement therapy,clinical_concept,concept:3f02509e7e1a,Acute kidney injury,clinical_concept,Association,empirical_assertion,1,1,PMID:33172226,Non-neonatal pediatric,PICU
edge:a36f489157e6,concept:d56990b2d044,uKIM-1/cr,clinical_concept,concept:3f02509e7e1a,Acute kidney injury,clinical_concept,Prediction,empirical_assertion,1,1,PMID:32828685,Neonatal,Sepsis
edge:a541b6a93c38,concept:fbfb66c84913,Mortality,clinical_concept,concept:60c211760c7c,multiple organ dysfunction syndromes,clinical_concept,Outcome,empirical_assertion,1,1,PMID:41023706,Neonatal,PICU
edge:a562b65f930e,concept:156be6eb85c9,HUS,clinical_concept,concept:3f02509e7e1a,Acute kidney injury,clinical_concept,Diagnosis or staging,empirical_assertion,1,1,PMID:36873657,Non-neonatal pediatric,General inpatient
edge:ab36731111cf,concept:3f02509e7e1a,Acute kidney injury,clinical_concept,concept:83c73b3f7837,chronic kidney disease (CKD),clinical_concept,Risk factor,empirical_assertion,1,1,PMID:26585035,Non-neonatal pediatric,Oncology or transplant
edge:ac0d0d6a72c7,concept:90eace7f13ff,Kidney replacement therapy,clinical_concept,concept:da9923b574d7,patients with AKI,clinical_concept,Management or intervention,empirical_assertion,1,1,PMID:34869123,Neonatal,PICU
edge:afd3be5b37e4,concept:2e7fb04d9222,7-day-old female neonate,clinical_concept,concept:3f02509e7e1a,Acute kidney injury,clinical_concept,Diagnosis or staging,empirical_assertion,1,1,PMID:37502478,Neonatal,General inpatient
edge:b2a9018370a2,concept:3f02509e7e1a,Acute kidney injury,clinical_concept,concept:5c76a77d0978,indomethacin,clinical_concept,Association,empirical_assertion,1,1,PMID:35474648,Neonatal,General inpatient
edge:b3b57925c30c,concept:5842cf7adf84,RAI,clinical_concept,concept:e7b0cc281f13,severe acute kidney injury (AKI),clinical_concept,Prediction,empirical_assertion,1,1,PMID:38995275,Non-neonatal pediatric,PICU
edge:b44331c7b06b,concept:156be6eb85c9,HUS,clinical_concept,concept:40be4d85008a,incidence,clinical_concept,Association,empirical_assertion,1,1,PMID:26498648,Non-neonatal pediatric,Not specified
edge:b4b00703eced,concept:5b4b8b48f4f9,11-month-old male infant with Down syndrome,clinical_concept,concept:3f02509e7e1a,Acute kidney injury,clinical_concept,Association,empirical_assertion,1,1,PMID:34522483,Non-neonatal pediatric,General inpatient
edge:b8ce39c5e0b4,concept:9462d97142c0,Chronic kidney disease,clinical_concept,concept:daa4e10d4f1f,Peritoneal dialysis,clinical_concept,Management or intervention,empirical_assertion,1,1,PMID:31201551,Pediatric age unclear,Kidney replacement therapy
edge:b8e536a49d28,concept:29166f0942dc,fluid overload,clinical_concept,concept:66db9e71f7f8,Continuous kidney replacement therapy,clinical_concept,Association,empirical_assertion,1,1,PMID:30078024,Non-neonatal pediatric,PICU
edge:b9a1efc37c3f,concept:186238cccd6f,Sepsis,clinical_concept,concept:be594bc0b9db,renal function,clinical_concept,Association,empirical_assertion,1,1,PMID:24408224,Non-neonatal pediatric,Sepsis
edge:bf9d5205c58d,concept:e60a6cfa0bb4,fluid balance,clinical_concept,concept:3f02509e7e1a,Acute kidney injury,clinical_concept,Monitoring,empirical_assertion,1,1,PMID:37861865,Pediatric age unclear,Not specified
edge:c074ad2437bb,concept:3f02509e7e1a,Acute kidney injury,clinical_concept,concept:eb6330a5cf69,Hemolytic uremic syndrome,clinical_concept,Association,empirical_assertion,1,1,PMID:38975492,Explicitly non-pediatric,Not specified
edge:c25e584d3cd9,concept:d51947a9247d,pediatric patients,clinical_concept,concept:3f02509e7e1a,Acute kidney injury,clinical_concept,Association,empirical_assertion,1,1,PMID:40416436,Non-neonatal pediatric,Not specified
edge:c29211dec334,concept:3f02509e7e1a,Acute kidney injury,clinical_concept,concept:d1d50bf387fa,poor outcome,clinical_concept,Risk factor,empirical_assertion,1,1,PMID:31940614,Non-neonatal pediatric,Not specified
edge:c5d589d55479,concept:fbfb66c84913,Mortality,clinical_concept,concept:162a81bb5a59,CI-AKI,clinical_concept,Outcome,empirical_assertion,1,1,PMID:32651866,Pediatric age unclear,PICU
edge:c6038a283202,concept:3f02509e7e1a,Acute kidney injury,clinical_concept,concept:83041302c0a8,infants,clinical_concept,Association,empirical_assertion,1,1,PMID:34547334,Neonatal,Not specified
edge:c7126beaec29,concept:fbfb66c84913,Mortality,clinical_concept,concept:3f02509e7e1a,Acute kidney injury,clinical_concept,Risk factor,empirical_assertion,1,1,PMID:28858859,Pediatric age unclear,Cardiac surgery
edge:c8117d261b4c,concept:310856e3f537,Pregnancy-related acute kidney injury (PRAKI),clinical_concept,concept:19ac73a03254,end-stage renal disease,clinical_concept,Outcome,empirical_assertion,1,1,PMID:36082728,Not specified,Not specified
edge:cd27f8d3e2e9,concept:29166f0942dc,fluid overload,clinical_concept,concept:b5b44b9e3ed5,mechanical ventilation,clinical_concept,Association,empirical_assertion,1,1,PMID:34727245,Neonatal,PICU
edge:ce83dbcc6a2f,concept:989fe9aa79c0,NGAL,clinical_concept,concept:c324fd366ebb,Serum creatinine,clinical_concept,Prediction,empirical_assertion,1,1,PMID:39736157,Non-neonatal pediatric,Sepsis
edge:ce893a197270,concept:310856e3f537,Pregnancy-related acute kidney injury (PRAKI),clinical_concept,concept:966ac4713e4b,dialysis,clinical_concept,Management or intervention,empirical_assertion,1,1,PMID:36082728,Not specified,Not specified
edge:ceb1de69b99c,concept:a5e582c4947e,severe acute kidney injury,clinical_concept,concept:66db9e71f7f8,Continuous kidney replacement therapy,clinical_concept,Diagnosis or staging,empirical_assertion,1,1,PMID:30343292,Non-neonatal pediatric,Not specified
edge:d1cc9463c5ce,concept:42b89a6b7380,vancomycin,clinical_concept,concept:3f02509e7e1a,Acute kidney injury,clinical_concept,Monitoring,empirical_assertion,1,1,PMID:33740042,Not specified,Not specified
edge:d2441f7ddd3c,concept:3f02509e7e1a,Acute kidney injury,clinical_concept,concept:6df5cad550fc,poor outcomes,clinical_concept,Association,empirical_assertion,1,1,PMID:38133179,Not specified,Not specified
edge:d2c0b6f1897c,concept:42b89a6b7380,vancomycin,clinical_concept,concept:3f02509e7e1a,Acute kidney injury,clinical_concept,Management or intervention,empirical_assertion,1,1,PMID:33740042,Not specified,Not specified
edge:d448c46e4996,concept:83041302c0a8,infants,clinical_concept,concept:c324fd366ebb,Serum creatinine,clinical_concept,Monitoring,empirical_assertion,1,1,PMID:31761141,Neonatal,PICU
edge:d6827682b83d,concept:222e14394aeb,rhabdomyolysis,clinical_concept,concept:fbfb66c84913,Mortality,clinical_concept,Association,empirical_assertion,1,1,PMID:41146051,Non-neonatal pediatric,Not specified
edge:da7ddae2eb95,concept:739bd59fa509,Cystatin C,clinical_concept,concept:3f02509e7e1a,Acute kidney injury,clinical_concept,Association,empirical_assertion,1,1,PMID:34759149,Not specified,Not specified
edge:da8d2073e0ca,concept:3f02509e7e1a,Acute kidney injury,clinical_concept,concept:b5b44b9e3ed5,mechanical ventilation,clinical_concept,Risk factor,empirical_assertion,1,1,PMID:39122822,Neonatal,PICU
edge:dccde1807566,concept:5842cf7adf84,RAI,clinical_concept,concept:3f02509e7e1a,Acute kidney injury,clinical_concept,Diagnosis or staging,empirical_assertion,1,1,PMID:32259128,Pediatric age unclear,Not specified
edge:df403d651ca7,concept:739bd59fa509,Cystatin C,clinical_concept,concept:3f02509e7e1a,Acute kidney injury,clinical_concept,Diagnosis or staging,empirical_assertion,1,1,PMID:39199326,Non-neonatal pediatric,PICU
edge:df4253a4f421,concept:989fe9aa79c0,NGAL,clinical_concept,concept:16501326ecd5,CSA-AKI,clinical_concept,Diagnosis or staging,empirical_assertion,1,1,PMID:32479185,Non-neonatal pediatric,Cardiac surgery
edge:e01952589b09,concept:3f02509e7e1a,Acute kidney injury,clinical_concept,concept:dbe170b1ac75,KDIGO,clinical_concept,Diagnosis or staging,empirical_assertion,1,1,PMID:35466638,Non-neonatal pediatric,PICU
edge:e0b7a3119d1b,concept:529318bd11e6,Pregnancy-associated acute kidney injury,clinical_concept,concept:fbfb66c84913,Mortality,clinical_concept,Risk factor,empirical_assertion,1,1,PMID:37011566,Not specified,Not specified
edge:e111a6b62810,concept:4ac15857ca1d,NSAIDs,clinical_concept,concept:4a168b54caad,postoperative AKI,clinical_concept,Risk factor,empirical_assertion,1,1,PMID:39089953,Non-neonatal pediatric,General inpatient
edge:e1adbe1ba869,concept:310856e3f537,Pregnancy-related acute kidney injury (PRAKI),clinical_concept,concept:a63ddc4be1f1,pre-eclampsia,clinical_concept,Risk factor,empirical_assertion,1,1,PMID:36082728,Not specified,Not specified
edge:e1c200baee90,concept:7bd96b1fd2e3,cerebral edema,clinical_concept,concept:6a523a52b63c,Diabetic ketoacidosis,clinical_concept,Association,empirical_assertion,1,1,PMID:42032940,Non-neonatal pediatric,PICU
edge:e1e4eb1cd345,concept:4f4a351f26a7,Fluid overload,clinical_concept,concept:3f02509e7e1a,Acute kidney injury,clinical_concept,Association,empirical_assertion,1,1,PMID:34570725,Non-neonatal pediatric,Not specified
edge:e21e7ec3905e,concept:bdc8e6790aae,gene,clinical_concept,concept:3f02509e7e1a,Acute kidney injury,clinical_concept,Association,empirical_assertion,1,1,PMID:32830538,Not specified,Not specified
edge:e527e8db9783,concept:90eace7f13ff,Kidney replacement therapy,clinical_concept,concept:fbfb66c84913,Mortality,clinical_concept,Association,empirical_assertion,1,1,PMID:33813551,Non-neonatal pediatric,PICU
edge:e7170ea9312a,concept:e60a6cfa0bb4,fluid balance,clinical_concept,concept:3f02509e7e1a,Acute kidney injury,clinical_concept,Prediction,empirical_assertion,1,1,PMID:37861865,Pediatric age unclear,PICU
edge:ea17c0a39b38,concept:2e7fb04d9222,7-day-old female neonate,clinical_concept,concept:fbfb66c84913,Mortality,clinical_concept,Outcome,empirical_assertion,1,1,PMID:37502478,Neonatal,General inpatient
edge:eaa7eca2caa8,concept:be594bc0b9db,renal function,clinical_concept,concept:3f02509e7e1a,Acute kidney injury,clinical_concept,Outcome,empirical_assertion,1,1,PMID:41658785,Non-neonatal pediatric,Not specified
edge:eeb539187204,concept:87e1d940cf2f,biomarkers,clinical_concept,concept:5f1b5d8e8f8c,SA-AKI,clinical_concept,Prediction,empirical_assertion,1,1,PMID:33937146,Non-neonatal pediatric,Sepsis
edge:f0390b0dbfb6,concept:fbfb66c84913,Mortality,clinical_concept,concept:daa4e10d4f1f,Peritoneal dialysis,clinical_concept,Outcome,empirical_assertion,1,1,PMID:33272115,Non-neonatal pediatric,PICU
edge:f083af499f9e,concept:bb9e4feba6bc,prediction model,clinical_concept,concept:5501c332f08d,hospital mortality,clinical_concept,Prediction,empirical_assertion,1,1,PMID:39991652,Non-neonatal pediatric,General inpatient
edge:f0a208af0ee2,concept:e60a6cfa0bb4,fluid balance,clinical_concept,concept:29166f0942dc,fluid overload,clinical_concept,Management or intervention,empirical_assertion,1,1,PMID:34727245,Neonatal,PICU
edge:f0b9bdcae861,concept:0b6baed8ee51,neonates,clinical_concept,concept:3f02509e7e1a,Acute kidney injury,clinical_concept,Diagnosis or staging,empirical_assertion,1,1,PMID:41489685,Neonatal,General inpatient
edge:f1eddb26c1d0,concept:511d9f099a20,Neutrophil gelatinase-associated lipocalin,clinical_concept,concept:3f02509e7e1a,Acute kidney injury,clinical_concept,Association,empirical_assertion,1,1,PMID:26415728,Explicitly non-pediatric,Sepsis
edge:f1fef738197d,concept:821dea596ce1,postoperative acute kidney injury,clinical_concept,concept:a67cfd9b7a0b,in-hospital mortality,clinical_concept,Risk factor,empirical_assertion,1,1,PMID:42119012,Non-neonatal pediatric,General inpatient
edge:f26f789e7b68,concept:6670fd44fff1,neonatal AKI,clinical_concept,concept:9462d97142c0,Chronic kidney disease,clinical_concept,Prediction,empirical_assertion,1,1,PMID:40985252,Neonatal,General inpatient
edge:f2bb56cf01fe,concept:b2a03bf05d09,She,clinical_concept,concept:66db9e71f7f8,Continuous kidney replacement therapy,clinical_concept,Management or intervention,empirical_assertion,1,1,PMID:33628421,Non-neonatal pediatric,Kidney replacement therapy
edge:f332597099e9,concept:3f02509e7e1a,Acute kidney injury,clinical_concept,concept:0b6baed8ee51,neonates,clinical_concept,Association,empirical_assertion,1,1,PMID:32681064,Neonatal,Not specified
edge:f3a158e229c1,concept:4694eebe5ff3,DMSA renal scan,clinical_concept,concept:3f02509e7e1a,Acute kidney injury,clinical_concept,Monitoring,empirical_assertion,1,1,PMID:28979776,Pediatric age unclear,General inpatient
edge:f3ea06445886,concept:517903c4e8fe,hypercalcemia,clinical_concept,concept:3f02509e7e1a,Acute kidney injury,clinical_concept,Management or intervention,empirical_assertion,1,1,PMID:40547129,Non-neonatal pediatric,Not specified
edge:f4dcc4c263b9,concept:e60a6cfa0bb4,fluid balance,clinical_concept,concept:fbfb66c84913,Mortality,clinical_concept,Association,empirical_assertion,1,1,PMID:26494153,Non-neonatal pediatric,PICU
edge:f62d34672c47,concept:66db9e71f7f8,Continuous kidney replacement therapy,clinical_concept,concept:60c211760c7c,multiple organ dysfunction syndromes,clinical_concept,Association,empirical_assertion,1,1,PMID:41023706,Neonatal,PICU
edge:f64903b778cd,concept:01db9c235376,creatinine,clinical_concept,concept:6670fd44fff1,neonatal AKI,clinical_concept,Diagnosis or staging,empirical_assertion,1,1,PMID:38078317,Neonatal,Not specified
edge:f67ed91ce649,concept:7b0261c11888,therapeutic hypothermia,clinical_concept,concept:fbfb66c84913,Mortality,clinical_concept,Outcome,empirical_assertion,1,1,PMID:26456813,Neonatal,General inpatient
edge:f69006ea4229,concept:966ac4713e4b,dialysis,clinical_concept,concept:d1d50bf387fa,poor outcome,clinical_concept,Association,empirical_assertion,1,1,PMID:37810960,Non-neonatal pediatric,PICU
edge:f6cd9ea0ddb3,concept:3f02509e7e1a,Acute kidney injury,clinical_concept,concept:87e1d940cf2f,biomarkers,clinical_concept,Prediction,empirical_assertion,1,1,PMID:25876748,Not specified,Not specified
edge:f86668424b41,concept:3f02509e7e1a,Acute kidney injury,clinical_concept,concept:a67cfd9b7a0b,in-hospital mortality,clinical_concept,Risk factor,empirical_assertion,1,1,PMID:31718256,Non-neonatal pediatric,General inpatient
edge:f8892c3eb383,concept:c25c6507b288,Renal resistive index,clinical_concept,concept:daa4e10d4f1f,Peritoneal dialysis,clinical_concept,Association,empirical_assertion,1,1,PMID:42093208,Neonatal,Cardiac surgery
edge:f8e09c3c79eb,concept:72fabde7d614,pregnancy-associated acute kidney injury,clinical_concept,concept:186238cccd6f,Sepsis,clinical_concept,Association,empirical_assertion,1,1,PMID:40771755,Not specified,Not specified
edge:fbb94a5aa459,concept:66db9e71f7f8,Continuous kidney replacement therapy,clinical_concept,concept:29166f0942dc,fluid overload,clinical_concept,Management or intervention,empirical_assertion,1,1,PMID:34570725,Non-neonatal pediatric,Not specified
edge:fd74ccb8050f,concept:eda314d57f7d,urinary NGAL,clinical_concept,concept:e7b0cc281f13,severe acute kidney injury (AKI),clinical_concept,Prediction,empirical_assertion,1,1,PMID:38995275,Non-neonatal pediatric,PICU
edge:fddd529befc2,concept:42abe1123034,cidofovir,clinical_concept,concept:3f02509e7e1a,Acute kidney injury,clinical_concept,Association,empirical_assertion,1,1,PMID:28419263,Not specified,Not specified
edge:fde37cf9634c,concept:dbe170b1ac75,KDIGO,clinical_concept,concept:3f02509e7e1a,Acute kidney injury,clinical_concept,Diagnosis or staging,empirical_assertion,1,1,PMID:24206964,Pediatric age unclear,Cardiac surgery
